/*******************************************************************************
 * Size: 40 px
 * Bpp: 4
 * Opts: --bpp 4 --size 40 --font C:/Users/pasin/Desktop/7inch motor dash/squareline/assets/SairaCondensed-ExtraBold.ttf -o C:/Users/pasin/Desktop/7inch motor dash/squareline/assets\ui_font_SairaSemiCondensedExtraBold40.c --format lvgl -r 0x20-0x7f --no-compress --no-prefilter
 ******************************************************************************/

#include "ui.h"

#ifndef UI_FONT_SAIRASEMICONDENSEDEXTRABOLD40
#define UI_FONT_SAIRASEMICONDENSEDEXTRABOLD40 1
#endif

#if UI_FONT_SAIRASEMICONDENSEDEXTRABOLD40

/*-----------------
 *    BITMAPS
 *----------------*/

/*Store the image of the glyphs*/
static LV_ATTRIBUTE_LARGE_CONST const uint8_t glyph_bitmap[] = {
    /* U+0020 " " */

    /* U+0021 "!" */
    0xff, 0xff, 0xff, 0xf3, 0xff, 0xff, 0xff, 0xf3,
    0xef, 0xff, 0xff, 0xf3, 0xdf, 0xff, 0xff, 0xf2,
    0xcf, 0xff, 0xff, 0xf1, 0xbf, 0xff, 0xff, 0xf0,
    0x9f, 0xff, 0xff, 0xe0, 0x8f, 0xff, 0xff, 0xc0,
    0x6f, 0xff, 0xff, 0xb0, 0x5f, 0xff, 0xff, 0x90,
    0x3f, 0xff, 0xff, 0x80, 0x1f, 0xff, 0xff, 0x60,
    0xf, 0xff, 0xff, 0x40, 0xe, 0xff, 0xff, 0x30,
    0xc, 0xff, 0xff, 0x10, 0xa, 0xff, 0xff, 0x0,
    0x9, 0xff, 0xfd, 0x0, 0x7, 0xff, 0xfb, 0x0,
    0x4, 0xbb, 0xb7, 0x0, 0x0, 0x0, 0x0, 0x0,
    0x0, 0x0, 0x0, 0x0, 0x0, 0x0, 0x0, 0x0,
    0x7c, 0xcc, 0xcc, 0xa0, 0x9f, 0xff, 0xff, 0xd0,
    0x9f, 0xff, 0xff, 0xd0, 0x9f, 0xff, 0xff, 0xd0,
    0x9f, 0xff, 0xff, 0xd0, 0x9f, 0xff, 0xff, 0xd0,

    /* U+0022 "\"" */
    0x1f, 0xff, 0xff, 0x60, 0xef, 0xff, 0xf9, 0x1f,
    0xff, 0xff, 0x60, 0xef, 0xff, 0xf8, 0xf, 0xff,
    0xff, 0x50, 0xef, 0xff, 0xf8, 0xf, 0xff, 0xff,
    0x40, 0xdf, 0xff, 0xf7, 0xe, 0xff, 0xff, 0x30,
    0xbf, 0xff, 0xf6, 0xd, 0xff, 0xff, 0x20, 0xaf,
    0xff, 0xf5, 0xc, 0xff, 0xff, 0x10, 0x9f, 0xff,
    0xf3, 0xb, 0xff, 0xff, 0x0, 0x8f, 0xff, 0xf2,
    0xa, 0xff, 0xff, 0x0, 0x7f, 0xff, 0xf1, 0x9,
    0xff, 0xfe, 0x0, 0x6f, 0xff, 0xf0, 0x5, 0xbb,
    0xb9, 0x0, 0x3b, 0xbb, 0xb0,

    /* U+0023 "#" */
    0x0, 0x0, 0x0, 0xef, 0xff, 0x20, 0x1, 0xff,
    0xff, 0x0, 0x0, 0x0, 0x0, 0xf, 0xff, 0xf0,
    0x0, 0x4f, 0xff, 0xd0, 0x0, 0x0, 0x0, 0x2,
    0xff, 0xfe, 0x0, 0x6, 0xff, 0xfb, 0x0, 0x0,
    0x0, 0x0, 0x5f, 0xff, 0xc0, 0x0, 0x8f, 0xff,
    0x80, 0x0, 0x0, 0x0, 0x7, 0xff, 0xfa, 0x0,
    0xa, 0xff, 0xf6, 0x0, 0x0, 0x0, 0x0, 0x9f,
    0xff, 0x80, 0x0, 0xcf, 0xff, 0x40, 0x0, 0x0,
    0x0, 0xb, 0xff, 0xf6, 0x0, 0xe, 0xff, 0xf2,
    0x0, 0x0, 0x6f, 0xff, 0xff, 0xff, 0xff, 0xff,
    0xff, 0xff, 0xff, 0xf0, 0x6, 0xff, 0xff, 0xff,
    0xff, 0xff, 0xff, 0xff, 0xff, 0xff, 0x0, 0x6f,
    0xff, 0xff, 0xff, 0xff, 0xff, 0xff, 0xff, 0xff,
    0xf0, 0x6, 0xff, 0xff, 0xff, 0xff, 0xff, 0xff,
    0xff, 0xff, 0xff, 0x0, 0x1, 0x17, 0xff, 0xfb,
    0x11, 0x19, 0xff, 0xf8, 0x11, 0x10, 0x0, 0x0,
    0x7f, 0xff, 0x90, 0x0, 0xbf, 0xff, 0x60, 0x0,
    0x0, 0x0, 0x9, 0xff, 0xf7, 0x0, 0xd, 0xff,
    0xf4, 0x0, 0x0, 0x0, 0x0, 0xbf, 0xff, 0x50,
    0x0, 0xff, 0xff, 0x20, 0x0, 0x0, 0x0, 0xd,
    0xff, 0xf3, 0x0, 0xf, 0xff, 0xf0, 0x0, 0x0,
    0x1, 0x11, 0xff, 0xff, 0x31, 0x14, 0xff, 0xfe,
    0x11, 0x10, 0x3, 0xff, 0xff, 0xff, 0xff, 0xff,
    0xff, 0xff, 0xff, 0xff, 0x30, 0x3f, 0xff, 0xff,
    0xff, 0xff, 0xff, 0xff, 0xff, 0xff, 0xf3, 0x3,
    0xff, 0xff, 0xff, 0xff, 0xff, 0xff, 0xff, 0xff,
    0xff, 0x30, 0x3f, 0xff, 0xff, 0xff, 0xff, 0xff,
    0xff, 0xff, 0xff, 0xf3, 0x0, 0x0, 0xaf, 0xff,
    0x70, 0x0, 0xdf, 0xff, 0x30, 0x0, 0x0, 0x0,
    0xc, 0xff, 0xf5, 0x0, 0xf, 0xff, 0xf1, 0x0,
    0x0, 0x0, 0x0, 0xef, 0xff, 0x30, 0x1, 0xff,
    0xff, 0x0, 0x0, 0x0, 0x0, 0xf, 0xff, 0xf1,
    0x0, 0x3f, 0xff, 0xd0, 0x0, 0x0, 0x0, 0x2,
    0xff, 0xff, 0x0, 0x5, 0xff, 0xfb, 0x0, 0x0,
    0x0, 0x0, 0x4f, 0xff, 0xd0, 0x0, 0x7f, 0xff,
    0x90, 0x0, 0x0, 0x0, 0x6, 0xff, 0xfb, 0x0,
    0x9, 0xff, 0xf7, 0x0, 0x0, 0x0,

    /* U+0024 "$" */
    0x0, 0x0, 0xd, 0xff, 0xf8, 0x0, 0x0, 0x0,
    0x0, 0xd, 0xff, 0xf8, 0x0, 0x0, 0x0, 0x0,
    0xd, 0xff, 0xf8, 0x0, 0x0, 0x0, 0x3, 0x8f,
    0xff, 0xfe, 0xa8, 0x40, 0x0, 0xaf, 0xff, 0xff,
    0xff, 0xff, 0xe0, 0x9, 0xff, 0xff, 0xff, 0xff,
    0xff, 0xe0, 0x1f, 0xff, 0xff, 0xff, 0xff, 0xff,
    0xe0, 0x6f, 0xff, 0xff, 0xff, 0xff, 0xff, 0xe0,
    0x8f, 0xff, 0xff, 0xb3, 0x23, 0x35, 0x60, 0x9f,
    0xff, 0xff, 0x40, 0x0, 0x0, 0x0, 0x8f, 0xff,
    0xff, 0x50, 0x0, 0x0, 0x0, 0x7f, 0xff, 0xff,
    0xfa, 0x85, 0x20, 0x0, 0x5f, 0xff, 0xff, 0xff,
    0xff, 0xfd, 0x30, 0x1f, 0xff, 0xff, 0xff, 0xff,
    0xff, 0xf1, 0x6, 0xff, 0xff, 0xff, 0xff, 0xff,
    0xf8, 0x0, 0x4b, 0xff, 0xff, 0xff, 0xff, 0xfb,
    0x0, 0x0, 0x2, 0x59, 0xff, 0xff, 0xfd, 0x0,
    0x0, 0x0, 0x0, 0xef, 0xff, 0xfe, 0x0, 0x0,
    0x0, 0x0, 0xef, 0xff, 0xfe, 0x7, 0x54, 0x43,
    0x48, 0xff, 0xff, 0xfd, 0x2f, 0xff, 0xff, 0xff,
    0xff, 0xff, 0xfa, 0x2f, 0xff, 0xff, 0xff, 0xff,
    0xff, 0xf6, 0x2f, 0xff, 0xff, 0xff, 0xff, 0xff,
    0xd0, 0x2f, 0xff, 0xff, 0xff, 0xff, 0xfd, 0x20,
    0x3, 0x69, 0xbf, 0xff, 0xfc, 0x50, 0x0, 0x0,
    0x0, 0xd, 0xff, 0xf8, 0x0, 0x0, 0x0, 0x0,
    0xd, 0xff, 0xf8, 0x0, 0x0, 0x0, 0x0, 0xd,
    0xff, 0xf8, 0x0, 0x0,

    /* U+0025 "%" */
    0x0, 0x4b, 0xef, 0xfe, 0xb5, 0x0, 0x0, 0x0,
    0x0, 0x8, 0xff, 0xf1, 0x0, 0x0, 0x5, 0xff,
    0xff, 0xff, 0xff, 0x60, 0x0, 0x0, 0x0, 0x1f,
    0xff, 0x70, 0x0, 0x0, 0xd, 0xff, 0xff, 0xff,
    0xff, 0xe0, 0x0, 0x0, 0x0, 0x9f, 0xfe, 0x0,
    0x0, 0x0, 0x1f, 0xff, 0xf3, 0x3e, 0xff, 0xf2,
    0x0, 0x0, 0x2, 0xff, 0xf6, 0x0, 0x0, 0x0,
    0x3f, 0xff, 0xc0, 0xb, 0xff, 0xf4, 0x0, 0x0,
    0xa, 0xff, 0xd0, 0x0, 0x0, 0x0, 0x4f, 0xff,
    0xb0, 0x9, 0xff, 0xf5, 0x0, 0x0, 0x3f, 0xff,
    0x50, 0x0, 0x0, 0x0, 0x4f, 0xff, 0xb0, 0x9,
    0xff, 0xf6, 0x0, 0x0, 0xbf, 0xfd, 0x0, 0x0,
    0x0, 0x0, 0x4f, 0xff, 0xb0, 0x9, 0xff, 0xf6,
    0x0, 0x3, 0xff, 0xf4, 0x0, 0x0, 0x0, 0x0,
    0x4f, 0xff, 0xb0, 0x9, 0xff, 0xf6, 0x0, 0xc,
    0xff, 0xc0, 0x0, 0x0, 0x0, 0x0, 0x4f, 0xff,
    0xb0, 0x9, 0xff, 0xf5, 0x0, 0x4f, 0xff, 0x30,
    0x0, 0x0, 0x0, 0x0, 0x3f, 0xff, 0xc0, 0xa,
    0xff, 0xf4, 0x0, 0xdf, 0xfb, 0x0, 0x0, 0x0,
    0x0, 0x0, 0x1f, 0xff, 0xe2, 0x2e, 0xff, 0xf2,
    0x5, 0xff, 0xf3, 0x0, 0x0, 0x0, 0x0, 0x0,
    0xd, 0xff, 0xff, 0xff, 0xff, 0xe0, 0xd, 0xff,
    0xa0, 0x3a, 0xef, 0xfe, 0xc6, 0x0, 0x6, 0xff,
    0xff, 0xff, 0xff, 0x70, 0x6f, 0xff, 0x23, 0xff,
    0xff, 0xff, 0xff, 0x70, 0x0, 0x5b, 0xef, 0xfe,
    0xc5, 0x0, 0xef, 0xf9, 0xa, 0xff, 0xff, 0xff,
    0xff, 0xf0, 0x0, 0x0, 0x0, 0x0, 0x0, 0x7,
    0xff, 0xf1, 0xf, 0xff, 0xf4, 0x2d, 0xff, 0xf4,
    0x0, 0x0, 0x0, 0x0, 0x0, 0x1e, 0xff, 0x80,
    0x1f, 0xff, 0xe0, 0x9, 0xff, 0xf6, 0x0, 0x0,
    0x0, 0x0, 0x0, 0x8f, 0xfe, 0x10, 0x2f, 0xff,
    0xd0, 0x8, 0xff, 0xf7, 0x0, 0x0, 0x0, 0x0,
    0x1, 0xff, 0xf7, 0x0, 0x2f, 0xff, 0xc0, 0x7,
    0xff, 0xf7, 0x0, 0x0, 0x0, 0x0, 0x9, 0xff,
    0xe0, 0x0, 0x3f, 0xff, 0xc0, 0x7, 0xff, 0xf8,
    0x0, 0x0, 0x0, 0x0, 0x2f, 0xff, 0x60, 0x0,
    0x3f, 0xff, 0xc0, 0x7, 0xff, 0xf8, 0x0, 0x0,
    0x0, 0x0, 0xaf, 0xfd, 0x0, 0x0, 0x2f, 0xff,
    0xc0, 0x7, 0xff, 0xf7, 0x0, 0x0, 0x0, 0x2,
    0xff, 0xf5, 0x0, 0x0, 0x2f, 0xff, 0xd0, 0x8,
    0xff, 0xf7, 0x0, 0x0, 0x0, 0xb, 0xff, 0xd0,
    0x0, 0x0, 0x1f, 0xff, 0xe0, 0x9, 0xff, 0xf6,
    0x0, 0x0, 0x0, 0x3f, 0xff, 0x40, 0x0, 0x0,
    0xf, 0xff, 0xf4, 0x2d, 0xff, 0xf4, 0x0, 0x0,
    0x0, 0xcf, 0xfc, 0x0, 0x0, 0x0, 0xa, 0xff,
    0xff, 0xff, 0xff, 0xf0, 0x0, 0x0, 0x4, 0xff,
    0xf3, 0x0, 0x0, 0x0, 0x3, 0xff, 0xff, 0xff,
    0xff, 0x70, 0x0, 0x0, 0xc, 0xff, 0xb0, 0x0,
    0x0, 0x0, 0x0, 0x3a, 0xef, 0xfe, 0xc6, 0x0,

    /* U+0026 "&" */
    0x0, 0x0, 0x59, 0xce, 0xff, 0xff, 0xdc, 0xa8,
    0x62, 0x0, 0x0, 0x3, 0xdf, 0xff, 0xff, 0xff,
    0xff, 0xff, 0xff, 0x70, 0x0, 0x3, 0xff, 0xff,
    0xff, 0xff, 0xff, 0xff, 0xff, 0xf7, 0x0, 0x0,
    0xbf, 0xff, 0xff, 0xff, 0xff, 0xff, 0xff, 0xff,
    0x70, 0x0, 0x1f, 0xff, 0xff, 0xff, 0xff, 0xff,
    0xff, 0xff, 0xf7, 0x0, 0x4, 0xff, 0xff, 0xff,
    0x93, 0x10, 0x0, 0x11, 0x24, 0x20, 0x0, 0x5f,
    0xff, 0xff, 0xe0, 0x0, 0x0, 0x0, 0x0, 0x0,
    0x0, 0x5, 0xff, 0xff, 0xfc, 0x0, 0x0, 0x0,
    0x0, 0x0, 0x0, 0x0, 0x4f, 0xff, 0xff, 0xb0,
    0x0, 0x0, 0x0, 0x0, 0x0, 0x0, 0x1, 0xff,
    0xff, 0xfc, 0x0, 0x0, 0x0, 0x0, 0x0, 0x0,
    0x0, 0xc, 0xff, 0xff, 0xf4, 0x0, 0x0, 0x0,
    0x0, 0x0, 0x0, 0x0, 0x4f, 0xff, 0xff, 0xff,
    0xc0, 0x6f, 0xff, 0xff, 0xff, 0xf7, 0x0, 0x4e,
    0xff, 0xff, 0xfc, 0x7, 0xff, 0xff, 0xff, 0xff,
    0x70, 0x0, 0x3d, 0xff, 0xff, 0xc0, 0x7f, 0xff,
    0xff, 0xff, 0xf7, 0x0, 0xaf, 0xff, 0xff, 0xfc,
    0x7, 0xff, 0xff, 0xff, 0xff, 0x70, 0x9f, 0xff,
    0xff, 0xff, 0xc0, 0x7f, 0xff, 0xff, 0xff, 0xf7,
    0x1f, 0xff, 0xff, 0xe3, 0x0, 0x7, 0xff, 0xff,
    0xf8, 0x0, 0x5, 0xff, 0xff, 0xf9, 0x0, 0x0,
    0x7f, 0xff, 0xff, 0x80, 0x0, 0x7f, 0xff, 0xff,
    0x70, 0x0, 0x7, 0xff, 0xff, 0xf8, 0x0, 0x9,
    0xff, 0xff, 0xf7, 0x0, 0x0, 0x7f, 0xff, 0xff,
    0x80, 0x0, 0x9f, 0xff, 0xff, 0x70, 0x0, 0x7,
    0xff, 0xff, 0xf8, 0x0, 0x8, 0xff, 0xff, 0xfa,
    0x0, 0x0, 0x7f, 0xff, 0xff, 0x80, 0x0, 0x6f,
    0xff, 0xff, 0xf6, 0x20, 0x7, 0xff, 0xff, 0xf8,
    0x0, 0x3, 0xff, 0xff, 0xff, 0xff, 0xff, 0xff,
    0xff, 0xff, 0x80, 0x0, 0xd, 0xff, 0xff, 0xff,
    0xff, 0xff, 0xff, 0xff, 0xf8, 0x0, 0x0, 0x4f,
    0xff, 0xff, 0xff, 0xff, 0xff, 0xff, 0xff, 0x80,
    0x0, 0x0, 0x4e, 0xff, 0xff, 0xff, 0xff, 0xff,
    0xff, 0xf8, 0x0, 0x0, 0x0, 0x5, 0x9c, 0xef,
    0xff, 0xfd, 0xca, 0x86, 0x20, 0x0,

    /* U+0027 "'" */
    0x1f, 0xff, 0xff, 0x61, 0xff, 0xff, 0xf6, 0xf,
    0xff, 0xff, 0x50, 0xff, 0xff, 0xf4, 0xe, 0xff,
    0xff, 0x30, 0xdf, 0xff, 0xf2, 0xc, 0xff, 0xff,
    0x10, 0xbf, 0xff, 0xf0, 0xa, 0xff, 0xff, 0x0,
    0x9f, 0xff, 0xe0, 0x5, 0xbb, 0xb9, 0x0,

    /* U+0028 "(" */
    0x0, 0x0, 0xb, 0xff, 0xfe, 0x0, 0x0, 0x5,
    0xff, 0xff, 0x60, 0x0, 0x1, 0xef, 0xff, 0xe0,
    0x0, 0x0, 0x8f, 0xff, 0xf7, 0x0, 0x0, 0x1f,
    0xff, 0xff, 0x0, 0x0, 0x8, 0xff, 0xff, 0xb0,
    0x0, 0x0, 0xef, 0xff, 0xf7, 0x0, 0x0, 0x3f,
    0xff, 0xff, 0x40, 0x0, 0x6, 0xff, 0xff, 0xf2,
    0x0, 0x0, 0x9f, 0xff, 0xff, 0x0, 0x0, 0xc,
    0xff, 0xff, 0xe0, 0x0, 0x0, 0xef, 0xff, 0xfd,
    0x0, 0x0, 0xf, 0xff, 0xff, 0xc0, 0x0, 0x0,
    0xff, 0xff, 0xfc, 0x0, 0x0, 0x1f, 0xff, 0xff,
    0xb0, 0x0, 0x1, 0xff, 0xff, 0xfb, 0x0, 0x0,
    0x2f, 0xff, 0xff, 0xb0, 0x0, 0x2, 0xff, 0xff,
    0xfb, 0x0, 0x0, 0x2f, 0xff, 0xff, 0xb0, 0x0,
    0x2, 0xff, 0xff, 0xfb, 0x0, 0x0, 0x2f, 0xff,
    0xff, 0xb0, 0x0, 0x1, 0xff, 0xff, 0xfb, 0x0,
    0x0, 0xf, 0xff, 0xff, 0xc0, 0x0, 0x0, 0xff,
    0xff, 0xfc, 0x0, 0x0, 0xe, 0xff, 0xff, 0xd0,
    0x0, 0x0, 0xcf, 0xff, 0xfe, 0x0, 0x0, 0xa,
    0xff, 0xff, 0xf0, 0x0, 0x0, 0x7f, 0xff, 0xff,
    0x10, 0x0, 0x4, 0xff, 0xff, 0xf4, 0x0, 0x0,
    0xf, 0xff, 0xff, 0x60, 0x0, 0x0, 0x9f, 0xff,
    0xfa, 0x0, 0x0, 0x2, 0xff, 0xff, 0xe0, 0x0,
    0x0, 0x9, 0xff, 0xff, 0x50, 0x0, 0x0, 0x1e,
    0xff, 0xfc, 0x0, 0x0, 0x0, 0x6f, 0xff, 0xf5,
    0x0, 0x0, 0x0, 0xcf, 0xff, 0xd0, 0x0, 0x0,
    0x1, 0x33, 0x33, 0x0,

    /* U+0029 ")" */
    0xd, 0xff, 0xfc, 0x0, 0x0, 0x0, 0x5f, 0xff,
    0xf6, 0x0, 0x0, 0x0, 0xcf, 0xff, 0xf1, 0x0,
    0x0, 0x5, 0xff, 0xff, 0xa0, 0x0, 0x0, 0xe,
    0xff, 0xff, 0x30, 0x0, 0x0, 0x9f, 0xff, 0xfa,
    0x0, 0x0, 0x5, 0xff, 0xff, 0xf0, 0x0, 0x0,
    0x2f, 0xff, 0xff, 0x50, 0x0, 0x0, 0xff, 0xff,
    0xf8, 0x0, 0x0, 0xe, 0xff, 0xff, 0xb0, 0x0,
    0x0, 0xcf, 0xff, 0xfe, 0x0, 0x0, 0xb, 0xff,
    0xff, 0xf0, 0x0, 0x0, 0xaf, 0xff, 0xff, 0x10,
    0x0, 0xa, 0xff, 0xff, 0xf2, 0x0, 0x0, 0x9f,
    0xff, 0xff, 0x30, 0x0, 0x9, 0xff, 0xff, 0xf3,
    0x0, 0x0, 0x9f, 0xff, 0xff, 0x40, 0x0, 0x9,
    0xff, 0xff, 0xf4, 0x0, 0x0, 0x9f, 0xff, 0xff,
    0x40, 0x0, 0x9, 0xff, 0xff, 0xf4, 0x0, 0x0,
    0x9f, 0xff, 0xff, 0x30, 0x0, 0x9, 0xff, 0xff,
    0xf3, 0x0, 0x0, 0xaf, 0xff, 0xff, 0x20, 0x0,
    0xa, 0xff, 0xff, 0xf1, 0x0, 0x0, 0xbf, 0xff,
    0xff, 0x0, 0x0, 0xc, 0xff, 0xff, 0xe0, 0x0,
    0x0, 0xef, 0xff, 0xfc, 0x0, 0x0, 0xf, 0xff,
    0xff, 0x90, 0x0, 0x2, 0xff, 0xff, 0xf5, 0x0,
    0x0, 0x5f, 0xff, 0xff, 0x10, 0x0, 0x8, 0xff,
    0xff, 0xa0, 0x0, 0x0, 0xdf, 0xff, 0xf3, 0x0,
    0x0, 0x4f, 0xff, 0xfa, 0x0, 0x0, 0xb, 0xff,
    0xff, 0x20, 0x0, 0x3, 0xff, 0xff, 0x80, 0x0,
    0x0, 0xcf, 0xff, 0xd0, 0x0, 0x0, 0x3, 0x33,
    0x31, 0x0, 0x0, 0x0,

    /* U+002A "*" */
    0x0, 0x0, 0x7, 0xff, 0xd0, 0x0, 0x0, 0x0,
    0x0, 0x5, 0xff, 0xb0, 0x0, 0x0, 0x2, 0xe5,
    0x3, 0xff, 0xa0, 0x2c, 0x70, 0xa, 0xff, 0x93,
    0xff, 0x85, 0xff, 0xf1, 0x2f, 0xff, 0xfe, 0xff,
    0xef, 0xff, 0xf8, 0x2, 0xaf, 0xff, 0xff, 0xff,
    0xfc, 0x50, 0x0, 0x2, 0xcf, 0xff, 0xff, 0x50,
    0x0, 0x0, 0x5d, 0xff, 0xff, 0xff, 0xe8, 0x10,
    0x2e, 0xff, 0xff, 0xff, 0xff, 0xff, 0xf7, 0xc,
    0xff, 0xd4, 0xff, 0x89, 0xff, 0xf3, 0x4, 0xf9,
    0x3, 0xff, 0x90, 0x5e, 0x90, 0x0, 0x30, 0x5,
    0xff, 0xb0, 0x1, 0x10, 0x0, 0x0, 0x6, 0xff,
    0xc0, 0x0, 0x0, 0x0, 0x0, 0x1, 0x33, 0x30,
    0x0, 0x0,

    /* U+002B "+" */
    0x0, 0x0, 0x9, 0x99, 0x98, 0x0, 0x0, 0x0,
    0x0, 0x0, 0xff, 0xff, 0xe0, 0x0, 0x0, 0x0,
    0x0, 0xf, 0xff, 0xfe, 0x0, 0x0, 0x0, 0x0,
    0x0, 0xff, 0xff, 0xe0, 0x0, 0x0, 0x0, 0x0,
    0xf, 0xff, 0xfe, 0x0, 0x0, 0xb, 0xff, 0xff,
    0xff, 0xff, 0xff, 0xff, 0xf9, 0xcf, 0xff, 0xff,
    0xff, 0xff, 0xff, 0xff, 0xac, 0xff, 0xff, 0xff,
    0xff, 0xff, 0xff, 0xfa, 0xcf, 0xff, 0xff, 0xff,
    0xff, 0xff, 0xff, 0xac, 0xff, 0xff, 0xff, 0xff,
    0xff, 0xff, 0xfa, 0x0, 0x0, 0xf, 0xff, 0xfe,
    0x0, 0x0, 0x0, 0x0, 0x0, 0xff, 0xff, 0xe0,
    0x0, 0x0, 0x0, 0x0, 0xf, 0xff, 0xfe, 0x0,
    0x0, 0x0, 0x0, 0x0, 0xff, 0xff, 0xe0, 0x0,
    0x0, 0x0, 0x0, 0xf, 0xff, 0xfe, 0x0, 0x0,
    0x0,

    /* U+002C "," */
    0xcc, 0xcc, 0xcc, 0x5f, 0xff, 0xff, 0xf6, 0xff,
    0xff, 0xff, 0x6f, 0xff, 0xff, 0xf6, 0xff, 0xff,
    0xff, 0x6f, 0xff, 0xff, 0xf6, 0x0, 0xcf, 0xff,
    0x50, 0xc, 0xff, 0xf4, 0x0, 0xef, 0xff, 0x20,
    0x6f, 0xff, 0xf0, 0xff, 0xff, 0xf8, 0xf, 0xff,
    0xfb, 0x0, 0xa9, 0x73, 0x0, 0x0,

    /* U+002D "-" */
    0x3, 0x33, 0x33, 0x33, 0x30, 0x3f, 0xff, 0xff,
    0xff, 0xf2, 0x3f, 0xff, 0xff, 0xff, 0xf2, 0x3f,
    0xff, 0xff, 0xff, 0xf2, 0x3f, 0xff, 0xff, 0xff,
    0xf2, 0x3f, 0xff, 0xff, 0xff, 0xf2,

    /* U+002E "." */
    0xcc, 0xcc, 0xcc, 0x5f, 0xff, 0xff, 0xf6, 0xff,
    0xff, 0xff, 0x6f, 0xff, 0xff, 0xf6, 0xff, 0xff,
    0xff, 0x6f, 0xff, 0xff, 0xf6,

    /* U+002F "/" */
    0x0, 0x0, 0x0, 0x1, 0xff, 0xff, 0xf1, 0x0,
    0x0, 0x0, 0x4, 0xff, 0xff, 0xd0, 0x0, 0x0,
    0x0, 0x8, 0xff, 0xff, 0x90, 0x0, 0x0, 0x0,
    0xc, 0xff, 0xff, 0x60, 0x0, 0x0, 0x0, 0xf,
    0xff, 0xff, 0x20, 0x0, 0x0, 0x0, 0x3f, 0xff,
    0xfe, 0x0, 0x0, 0x0, 0x0, 0x7f, 0xff, 0xfa,
    0x0, 0x0, 0x0, 0x0, 0xbf, 0xff, 0xf7, 0x0,
    0x0, 0x0, 0x0, 0xff, 0xff, 0xf3, 0x0, 0x0,
    0x0, 0x3, 0xff, 0xff, 0xf0, 0x0, 0x0, 0x0,
    0x6, 0xff, 0xff, 0xb0, 0x0, 0x0, 0x0, 0xa,
    0xff, 0xff, 0x70, 0x0, 0x0, 0x0, 0xe, 0xff,
    0xff, 0x40, 0x0, 0x0, 0x0, 0x2f, 0xff, 0xff,
    0x0, 0x0, 0x0, 0x0, 0x5f, 0xff, 0xfc, 0x0,
    0x0, 0x0, 0x0, 0x9f, 0xff, 0xf8, 0x0, 0x0,
    0x0, 0x0, 0xdf, 0xff, 0xf5, 0x0, 0x0, 0x0,
    0x1, 0xff, 0xff, 0xf1, 0x0, 0x0, 0x0, 0x4,
    0xff, 0xff, 0xd0, 0x0, 0x0, 0x0, 0x8, 0xff,
    0xff, 0x90, 0x0, 0x0, 0x0, 0xc, 0xff, 0xff,
    0x60, 0x0, 0x0, 0x0, 0xf, 0xff, 0xff, 0x20,
    0x0, 0x0, 0x0, 0x3f, 0xff, 0xfe, 0x0, 0x0,
    0x0, 0x0, 0x7f, 0xff, 0xfa, 0x0, 0x0, 0x0,
    0x0, 0xbf, 0xff, 0xf7, 0x0, 0x0, 0x0, 0x0,
    0xff, 0xff, 0xf3, 0x0, 0x0, 0x0, 0x2, 0xff,
    0xff, 0xf0, 0x0, 0x0, 0x0, 0x6, 0xff, 0xff,
    0xb0, 0x0, 0x0, 0x0, 0xa, 0xff, 0xff, 0x80,
    0x0, 0x0, 0x0, 0xe, 0xff, 0xff, 0x40, 0x0,
    0x0, 0x0, 0x2f, 0xff, 0xff, 0x0, 0x0, 0x0,
    0x0, 0x5f, 0xff, 0xfc, 0x0, 0x0, 0x0, 0x0,
    0x48, 0x88, 0x84, 0x0, 0x0, 0x0, 0x0,

    /* U+0030 "0" */
    0x0, 0x1, 0x7b, 0xef, 0xff, 0xec, 0x82, 0x0,
    0x0, 0x6, 0xff, 0xff, 0xff, 0xff, 0xff, 0xf8,
    0x0, 0x4, 0xff, 0xff, 0xff, 0xff, 0xff, 0xff,
    0xf6, 0x0, 0xcf, 0xff, 0xff, 0xff, 0xff, 0xff,
    0xff, 0xe0, 0x1f, 0xff, 0xff, 0xff, 0xff, 0xff,
    0xff, 0xff, 0x34, 0xff, 0xff, 0xff, 0xb8, 0xbf,
    0xff, 0xff, 0xf6, 0x5f, 0xff, 0xff, 0xe0, 0x0,
    0xcf, 0xff, 0xff, 0x87, 0xff, 0xff, 0xfc, 0x0,
    0xa, 0xff, 0xff, 0xf9, 0x8f, 0xff, 0xff, 0xb0,
    0x0, 0x9f, 0xff, 0xff, 0xa8, 0xff, 0xff, 0xfa,
    0x0, 0x8, 0xff, 0xff, 0xfb, 0x9f, 0xff, 0xff,
    0xa0, 0x0, 0x8f, 0xff, 0xff, 0xb9, 0xff, 0xff,
    0xfa, 0x0, 0x7, 0xff, 0xff, 0xfc, 0xaf, 0xff,
    0xff, 0xa0, 0x0, 0x7f, 0xff, 0xff, 0xca, 0xff,
    0xff, 0xfa, 0x0, 0x7, 0xff, 0xff, 0xfc, 0xaf,
    0xff, 0xff, 0xa0, 0x0, 0x7f, 0xff, 0xff, 0xca,
    0xff, 0xff, 0xfa, 0x0, 0x7, 0xff, 0xff, 0xfc,
    0x9f, 0xff, 0xff, 0xa0, 0x0, 0x7f, 0xff, 0xff,
    0xc9, 0xff, 0xff, 0xfa, 0x0, 0x8, 0xff, 0xff,
    0xfb, 0x8f, 0xff, 0xff, 0xa0, 0x0, 0x8f, 0xff,
    0xff, 0xb8, 0xff, 0xff, 0xfb, 0x0, 0x9, 0xff,
    0xff, 0xfa, 0x7f, 0xff, 0xff, 0xc0, 0x0, 0xaf,
    0xff, 0xff, 0x95, 0xff, 0xff, 0xfe, 0x0, 0xc,
    0xff, 0xff, 0xf8, 0x4f, 0xff, 0xff, 0xfb, 0x8b,
    0xff, 0xff, 0xff, 0x61, 0xff, 0xff, 0xff, 0xff,
    0xff, 0xff, 0xff, 0xf3, 0xc, 0xff, 0xff, 0xff,
    0xff, 0xff, 0xff, 0xfe, 0x0, 0x4f, 0xff, 0xff,
    0xff, 0xff, 0xff, 0xff, 0x60, 0x0, 0x6f, 0xff,
    0xff, 0xff, 0xff, 0xff, 0x80, 0x0, 0x0, 0x28,
    0xbe, 0xff, 0xfe, 0xc8, 0x30, 0x0,

    /* U+0031 "1" */
    0x0, 0x0, 0x2a, 0xff, 0xff, 0xe0, 0x1, 0x9f,
    0xff, 0xff, 0xfe, 0x18, 0xff, 0xff, 0xff, 0xff,
    0xe8, 0xff, 0xff, 0xff, 0xff, 0xfe, 0x8f, 0xff,
    0xff, 0xff, 0xff, 0xe8, 0xff, 0xff, 0xff, 0xff,
    0xfe, 0x8f, 0xff, 0xff, 0xff, 0xff, 0xe8, 0xfe,
    0x89, 0xff, 0xff, 0xfe, 0x55, 0x0, 0x8f, 0xff,
    0xff, 0xe0, 0x0, 0x8, 0xff, 0xff, 0xfe, 0x0,
    0x0, 0x8f, 0xff, 0xff, 0xe0, 0x0, 0x8, 0xff,
    0xff, 0xfe, 0x0, 0x0, 0x8f, 0xff, 0xff, 0xe0,
    0x0, 0x8, 0xff, 0xff, 0xfe, 0x0, 0x0, 0x8f,
    0xff, 0xff, 0xe0, 0x0, 0x8, 0xff, 0xff, 0xfe,
    0x0, 0x0, 0x8f, 0xff, 0xff, 0xe0, 0x0, 0x8,
    0xff, 0xff, 0xfe, 0x0, 0x0, 0x8f, 0xff, 0xff,
    0xe0, 0x0, 0x8, 0xff, 0xff, 0xfe, 0x0, 0x0,
    0x8f, 0xff, 0xff, 0xe0, 0x0, 0x8, 0xff, 0xff,
    0xfe, 0x0, 0x0, 0x8f, 0xff, 0xff, 0xe0, 0x0,
    0x8, 0xff, 0xff, 0xfe, 0x0, 0x0, 0x8f, 0xff,
    0xff, 0xe0, 0x0, 0x8, 0xff, 0xff, 0xfe, 0x0,
    0x0, 0x8f, 0xff, 0xff, 0xe0, 0x0, 0x8, 0xff,
    0xff, 0xfe,

    /* U+0032 "2" */
    0x16, 0x9b, 0xde, 0xff, 0xfe, 0xd9, 0x50, 0x0,
    0x5f, 0xff, 0xff, 0xff, 0xff, 0xff, 0xfb, 0x0,
    0x5f, 0xff, 0xff, 0xff, 0xff, 0xff, 0xff, 0xa0,
    0x5f, 0xff, 0xff, 0xff, 0xff, 0xff, 0xff, 0xf2,
    0x5f, 0xff, 0xff, 0xff, 0xff, 0xff, 0xff, 0xf7,
    0x4c, 0xa9, 0x98, 0x89, 0xcf, 0xff, 0xff, 0xfb,
    0x0, 0x0, 0x0, 0x0, 0xc, 0xff, 0xff, 0xfc,
    0x0, 0x0, 0x0, 0x0, 0x9, 0xff, 0xff, 0xfd,
    0x0, 0x0, 0x0, 0x0, 0x8, 0xff, 0xff, 0xfd,
    0x0, 0x0, 0x0, 0x0, 0x9, 0xff, 0xff, 0xfd,
    0x0, 0x0, 0x0, 0x0, 0x1e, 0xff, 0xff, 0xfb,
    0x0, 0x0, 0x0, 0x6, 0xef, 0xff, 0xff, 0xf9,
    0x0, 0x0, 0x5, 0xdf, 0xff, 0xff, 0xff, 0xf4,
    0x0, 0x4, 0xcf, 0xff, 0xff, 0xff, 0xff, 0xd0,
    0x0, 0x9f, 0xff, 0xff, 0xff, 0xff, 0xfe, 0x20,
    0x8, 0xff, 0xff, 0xff, 0xff, 0xff, 0xb1, 0x0,
    0x1f, 0xff, 0xff, 0xff, 0xff, 0xc4, 0x0, 0x0,
    0x5f, 0xff, 0xff, 0xff, 0xc4, 0x0, 0x0, 0x0,
    0x8f, 0xff, 0xff, 0xf6, 0x0, 0x0, 0x0, 0x0,
    0x9f, 0xff, 0xff, 0xc0, 0x0, 0x0, 0x0, 0x0,
    0xaf, 0xff, 0xff, 0xa0, 0x0, 0x0, 0x0, 0x0,
    0xaf, 0xff, 0xff, 0xa0, 0x0, 0x0, 0x0, 0x0,
    0xaf, 0xff, 0xff, 0xea, 0xaa, 0xaa, 0xaa, 0xa9,
    0xaf, 0xff, 0xff, 0xff, 0xff, 0xff, 0xff, 0xfe,
    0xbf, 0xff, 0xff, 0xff, 0xff, 0xff, 0xff, 0xfe,
    0xbf, 0xff, 0xff, 0xff, 0xff, 0xff, 0xff, 0xfe,
    0xbf, 0xff, 0xff, 0xff, 0xff, 0xff, 0xff, 0xfe,
    0xbf, 0xff, 0xff, 0xff, 0xff, 0xff, 0xff, 0xfe,

    /* U+0033 "3" */
    0x5, 0x8a, 0xce, 0xff, 0xff, 0xda, 0x60, 0x0,
    0x0, 0xff, 0xff, 0xff, 0xff, 0xff, 0xff, 0xe3,
    0x0, 0xf, 0xff, 0xff, 0xff, 0xff, 0xff, 0xff,
    0xe2, 0x0, 0xff, 0xff, 0xff, 0xff, 0xff, 0xff,
    0xff, 0xa0, 0xf, 0xff, 0xff, 0xff, 0xff, 0xff,
    0xff, 0xff, 0x0, 0xcb, 0x99, 0x88, 0x8a, 0xff,
    0xff, 0xff, 0xf2, 0x0, 0x0, 0x0, 0x0, 0x6,
    0xff, 0xff, 0xff, 0x30, 0x0, 0x0, 0x0, 0x0,
    0x3f, 0xff, 0xff, 0xf3, 0x0, 0x0, 0x0, 0x0,
    0x2, 0xff, 0xff, 0xff, 0x20, 0x0, 0x0, 0x0,
    0x0, 0x4f, 0xff, 0xff, 0xf0, 0x0, 0x0, 0x0,
    0x0, 0x1a, 0xff, 0xff, 0xfb, 0x0, 0x0, 0x5f,
    0xff, 0xff, 0xff, 0xff, 0xff, 0x40, 0x0, 0x5,
    0xff, 0xff, 0xff, 0xff, 0xff, 0x70, 0x0, 0x0,
    0x5f, 0xff, 0xff, 0xff, 0xfd, 0x30, 0x0, 0x0,
    0x5, 0xff, 0xff, 0xff, 0xff, 0xfe, 0x60, 0x0,
    0x0, 0x5f, 0xff, 0xff, 0xff, 0xff, 0xff, 0x50,
    0x0, 0x2, 0x77, 0x77, 0x8e, 0xff, 0xff, 0xfe,
    0x0, 0x0, 0x0, 0x0, 0x0, 0x3f, 0xff, 0xff,
    0xf3, 0x0, 0x0, 0x0, 0x0, 0x0, 0xff, 0xff,
    0xff, 0x50, 0x0, 0x0, 0x0, 0x0, 0xf, 0xff,
    0xff, 0xf7, 0x0, 0x0, 0x0, 0x0, 0x0, 0xff,
    0xff, 0xff, 0x70, 0x0, 0x0, 0x0, 0x0, 0x4f,
    0xff, 0xff, 0xf6, 0xc, 0xa9, 0x98, 0x88, 0xaf,
    0xff, 0xff, 0xff, 0x50, 0xff, 0xff, 0xff, 0xff,
    0xff, 0xff, 0xff, 0xf1, 0xf, 0xff, 0xff, 0xff,
    0xff, 0xff, 0xff, 0xfc, 0x0, 0xff, 0xff, 0xff,
    0xff, 0xff, 0xff, 0xff, 0x30, 0xf, 0xff, 0xff,
    0xff, 0xff, 0xff, 0xfe, 0x40, 0x0, 0x58, 0xac,
    0xef, 0xff, 0xfd, 0xa6, 0x0, 0x0,

    /* U+0034 "4" */
    0x0, 0x0, 0x4, 0xff, 0xff, 0xff, 0x50, 0x0,
    0x0, 0x0, 0x0, 0x0, 0x9f, 0xff, 0xff, 0xf0,
    0x0, 0x0, 0x0, 0x0, 0x0, 0xe, 0xff, 0xff,
    0xfa, 0x0, 0x0, 0x0, 0x0, 0x0, 0x2, 0xff,
    0xff, 0xff, 0x50, 0x0, 0x0, 0x0, 0x0, 0x0,
    0x7f, 0xff, 0xff, 0xf0, 0x0, 0x0, 0x0, 0x0,
    0x0, 0xc, 0xff, 0xff, 0xfb, 0x0, 0x0, 0x0,
    0x0, 0x0, 0x0, 0xff, 0xff, 0xff, 0x50, 0x0,
    0x0, 0x0, 0x0, 0x0, 0x5f, 0xff, 0xff, 0xf1,
    0x0, 0x0, 0x0, 0x0, 0x0, 0x9, 0xff, 0xff,
    0xfb, 0x0, 0x0, 0x0, 0x0, 0x0, 0x0, 0xef,
    0xff, 0xff, 0x60, 0x0, 0x0, 0x0, 0x0, 0x0,
    0x3f, 0xff, 0xff, 0xf1, 0x0, 0x11, 0x11, 0x0,
    0x0, 0x7, 0xff, 0xff, 0xfb, 0x0, 0x5f, 0xff,
    0xf3, 0x0, 0x0, 0xcf, 0xff, 0xff, 0x60, 0xa,
    0xff, 0xff, 0x30, 0x0, 0x1f, 0xff, 0xff, 0xf1,
    0x0, 0xff, 0xff, 0xf3, 0x0, 0x5, 0xff, 0xff,
    0xfc, 0x0, 0x4f, 0xff, 0xff, 0x30, 0x0, 0xaf,
    0xff, 0xff, 0x70, 0x8, 0xff, 0xff, 0xf3, 0x0,
    0xe, 0xff, 0xff, 0xf1, 0x0, 0xdf, 0xff, 0xff,
    0x30, 0x3, 0xff, 0xff, 0xff, 0xff, 0xff, 0xff,
    0xff, 0xff, 0xf6, 0x4f, 0xff, 0xff, 0xff, 0xff,
    0xff, 0xff, 0xff, 0xff, 0x64, 0xff, 0xff, 0xff,
    0xff, 0xff, 0xff, 0xff, 0xff, 0xf6, 0x4f, 0xff,
    0xff, 0xff, 0xff, 0xff, 0xff, 0xff, 0xff, 0x64,
    0xff, 0xff, 0xff, 0xff, 0xff, 0xff, 0xff, 0xff,
    0xf6, 0x28, 0x88, 0x88, 0x88, 0x88, 0xff, 0xff,
    0xff, 0xa8, 0x30, 0x0, 0x0, 0x0, 0x0, 0x1f,
    0xff, 0xff, 0xf3, 0x0, 0x0, 0x0, 0x0, 0x0,
    0x1, 0xff, 0xff, 0xff, 0x30, 0x0, 0x0, 0x0,
    0x0, 0x0, 0x1f, 0xff, 0xff, 0xf3, 0x0, 0x0,
    0x0, 0x0, 0x0, 0x1, 0xff, 0xff, 0xff, 0x30,
    0x0, 0x0, 0x0, 0x0, 0x0, 0x1f, 0xff, 0xff,
    0xf3, 0x0,

    /* U+0035 "5" */
    0xf, 0xff, 0xff, 0xff, 0xff, 0xff, 0xff, 0xf1,
    0x0, 0xff, 0xff, 0xff, 0xff, 0xff, 0xff, 0xff,
    0x10, 0xf, 0xff, 0xff, 0xff, 0xff, 0xff, 0xff,
    0xf1, 0x0, 0xff, 0xff, 0xff, 0xff, 0xff, 0xff,
    0xff, 0x10, 0xf, 0xff, 0xff, 0xff, 0xff, 0xff,
    0xff, 0xf1, 0x0, 0xff, 0xff, 0xfe, 0x88, 0x88,
    0x88, 0x88, 0x0, 0xf, 0xff, 0xff, 0xc0, 0x0,
    0x0, 0x0, 0x0, 0x0, 0xff, 0xff, 0xfc, 0x0,
    0x0, 0x0, 0x0, 0x0, 0xf, 0xff, 0xff, 0xc0,
    0x0, 0x0, 0x0, 0x0, 0x0, 0xff, 0xff, 0xfc,
    0x0, 0x0, 0x0, 0x0, 0x0, 0xf, 0xff, 0xff,
    0xfd, 0xff, 0xed, 0x81, 0x0, 0x0, 0xff, 0xff,
    0xff, 0xff, 0xff, 0xff, 0xf4, 0x0, 0xf, 0xff,
    0xff, 0xff, 0xff, 0xff, 0xff, 0xf1, 0x0, 0xff,
    0xff, 0xff, 0xff, 0xff, 0xff, 0xff, 0x70, 0xf,
    0xff, 0xff, 0xff, 0xff, 0xff, 0xff, 0xfc, 0x0,
    0xba, 0x88, 0x77, 0x8b, 0xff, 0xff, 0xff, 0xf0,
    0x0, 0x0, 0x0, 0x0, 0x8, 0xff, 0xff, 0xff,
    0x20, 0x0, 0x0, 0x0, 0x0, 0x4f, 0xff, 0xff,
    0xf3, 0x0, 0x0, 0x0, 0x0, 0x2, 0xff, 0xff,
    0xff, 0x30, 0x0, 0x0, 0x0, 0x0, 0x2f, 0xff,
    0xff, 0xf3, 0x0, 0x0, 0x0, 0x0, 0x4, 0xff,
    0xff, 0xff, 0x20, 0x0, 0x0, 0x0, 0x0, 0x8f,
    0xff, 0xff, 0xf1, 0x2b, 0xa9, 0x88, 0x88, 0xbf,
    0xff, 0xff, 0xfe, 0x3, 0xff, 0xff, 0xff, 0xff,
    0xff, 0xff, 0xff, 0xa0, 0x3f, 0xff, 0xff, 0xff,
    0xff, 0xff, 0xff, 0xf5, 0x3, 0xff, 0xff, 0xff,
    0xff, 0xff, 0xff, 0xfc, 0x0, 0x3f, 0xff, 0xff,
    0xff, 0xff, 0xff, 0xfb, 0x10, 0x0, 0x58, 0xac,
    0xef, 0xff, 0xec, 0x94, 0x0, 0x0,

    /* U+0036 "6" */
    0x0, 0x0, 0x17, 0xbd, 0xff, 0xfe, 0xc9, 0x73,
    0x0, 0x0, 0x7f, 0xff, 0xff, 0xff, 0xff, 0xff,
    0xe0, 0x0, 0x7f, 0xff, 0xff, 0xff, 0xff, 0xff,
    0xfe, 0x0, 0x2f, 0xff, 0xff, 0xff, 0xff, 0xff,
    0xff, 0xe0, 0x9, 0xff, 0xff, 0xff, 0xff, 0xff,
    0xff, 0xfe, 0x0, 0xef, 0xff, 0xff, 0xfc, 0x98,
    0x89, 0xab, 0xc0, 0x2f, 0xff, 0xff, 0xf6, 0x0,
    0x0, 0x0, 0x0, 0x4, 0xff, 0xff, 0xfe, 0x0,
    0x0, 0x0, 0x0, 0x0, 0x6f, 0xff, 0xff, 0xc0,
    0x0, 0x0, 0x0, 0x0, 0x7, 0xff, 0xff, 0xfb,
    0x0, 0x0, 0x0, 0x0, 0x0, 0x8f, 0xff, 0xff,
    0xa0, 0x7d, 0xff, 0xea, 0x40, 0x9, 0xff, 0xff,
    0xfa, 0xaf, 0xff, 0xff, 0xff, 0x60, 0x9f, 0xff,
    0xff, 0xff, 0xff, 0xff, 0xff, 0xff, 0x1a, 0xff,
    0xff, 0xff, 0xff, 0xff, 0xff, 0xff, 0xf5, 0xaf,
    0xff, 0xff, 0xff, 0xff, 0xff, 0xff, 0xff, 0x99,
    0xff, 0xff, 0xff, 0xa7, 0x8e, 0xff, 0xff, 0xfb,
    0x9f, 0xff, 0xff, 0xd0, 0x0, 0x7f, 0xff, 0xff,
    0xd9, 0xff, 0xff, 0xfb, 0x0, 0x4, 0xff, 0xff,
    0xfd, 0x8f, 0xff, 0xff, 0xb0, 0x0, 0x4f, 0xff,
    0xff, 0xd7, 0xff, 0xff, 0xfb, 0x0, 0x3, 0xff,
    0xff, 0xfd, 0x6f, 0xff, 0xff, 0xb0, 0x0, 0x4f,
    0xff, 0xff, 0xc4, 0xff, 0xff, 0xfe, 0x0, 0x7,
    0xff, 0xff, 0xfb, 0x1f, 0xff, 0xff, 0xfa, 0x78,
    0xef, 0xff, 0xff, 0x90, 0xdf, 0xff, 0xff, 0xff,
    0xff, 0xff, 0xff, 0xf5, 0x7, 0xff, 0xff, 0xff,
    0xff, 0xff, 0xff, 0xff, 0x10, 0xe, 0xff, 0xff,
    0xff, 0xff, 0xff, 0xff, 0x80, 0x0, 0x3e, 0xff,
    0xff, 0xff, 0xff, 0xff, 0x90, 0x0, 0x0, 0x7,
    0xbe, 0xff, 0xfe, 0xc9, 0x30, 0x0,

    /* U+0037 "7" */
    0x2f, 0xff, 0xff, 0xff, 0xff, 0xff, 0xff, 0xff,
    0x72, 0xff, 0xff, 0xff, 0xff, 0xff, 0xff, 0xff,
    0xf7, 0x2f, 0xff, 0xff, 0xff, 0xff, 0xff, 0xff,
    0xff, 0x72, 0xff, 0xff, 0xff, 0xff, 0xff, 0xff,
    0xff, 0xf7, 0x2f, 0xff, 0xff, 0xff, 0xff, 0xff,
    0xff, 0xff, 0x71, 0x88, 0x88, 0x88, 0x88, 0xaf,
    0xff, 0xff, 0xf4, 0x0, 0x0, 0x0, 0x0, 0x7,
    0xff, 0xff, 0xff, 0x0, 0x0, 0x0, 0x0, 0x0,
    0xdf, 0xff, 0xff, 0xa0, 0x0, 0x0, 0x0, 0x0,
    0x2f, 0xff, 0xff, 0xf5, 0x0, 0x0, 0x0, 0x0,
    0x7, 0xff, 0xff, 0xff, 0x0, 0x0, 0x0, 0x0,
    0x0, 0xdf, 0xff, 0xff, 0xa0, 0x0, 0x0, 0x0,
    0x0, 0x2f, 0xff, 0xff, 0xf5, 0x0, 0x0, 0x0,
    0x0, 0x8, 0xff, 0xff, 0xff, 0x0, 0x0, 0x0,
    0x0, 0x0, 0xdf, 0xff, 0xff, 0xb0, 0x0, 0x0,
    0x0, 0x0, 0x2f, 0xff, 0xff, 0xf6, 0x0, 0x0,
    0x0, 0x0, 0x8, 0xff, 0xff, 0xff, 0x10, 0x0,
    0x0, 0x0, 0x0, 0xdf, 0xff, 0xff, 0xb0, 0x0,
    0x0, 0x0, 0x0, 0x2f, 0xff, 0xff, 0xf6, 0x0,
    0x0, 0x0, 0x0, 0x8, 0xff, 0xff, 0xff, 0x10,
    0x0, 0x0, 0x0, 0x0, 0xdf, 0xff, 0xff, 0xc0,
    0x0, 0x0, 0x0, 0x0, 0x3f, 0xff, 0xff, 0xf7,
    0x0, 0x0, 0x0, 0x0, 0x8, 0xff, 0xff, 0xff,
    0x20, 0x0, 0x0, 0x0, 0x0, 0xdf, 0xff, 0xff,
    0xd0, 0x0, 0x0, 0x0, 0x0, 0x3f, 0xff, 0xff,
    0xf7, 0x0, 0x0, 0x0, 0x0, 0x8, 0xff, 0xff,
    0xff, 0x20, 0x0, 0x0, 0x0, 0x0, 0xdf, 0xff,
    0xff, 0xd0, 0x0, 0x0, 0x0, 0x0, 0x3f, 0xff,
    0xff, 0xf8, 0x0, 0x0, 0x0, 0x0, 0x8, 0xff,
    0xff, 0xff, 0x30, 0x0, 0x0, 0x0,

    /* U+0038 "8" */
    0x0, 0x1, 0x8b, 0xef, 0xff, 0xed, 0xa5, 0x0,
    0x0, 0x0, 0x7f, 0xff, 0xff, 0xff, 0xff, 0xff,
    0xd2, 0x0, 0x6, 0xff, 0xff, 0xff, 0xff, 0xff,
    0xff, 0xfe, 0x10, 0xe, 0xff, 0xff, 0xff, 0xff,
    0xff, 0xff, 0xff, 0x80, 0x4f, 0xff, 0xff, 0xff,
    0xff, 0xff, 0xff, 0xff, 0xd0, 0x6f, 0xff, 0xff,
    0xf7, 0x45, 0xcf, 0xff, 0xff, 0xf0, 0x7f, 0xff,
    0xff, 0xd0, 0x0, 0x4f, 0xff, 0xff, 0xf0, 0x7f,
    0xff, 0xff, 0xc0, 0x0, 0x3f, 0xff, 0xff, 0xf0,
    0x6f, 0xff, 0xff, 0xc0, 0x0, 0x3f, 0xff, 0xff,
    0xf0, 0x4f, 0xff, 0xff, 0xc0, 0x0, 0x4f, 0xff,
    0xff, 0xd0, 0xf, 0xff, 0xff, 0xf2, 0x0, 0x8f,
    0xff, 0xff, 0x80, 0x7, 0xff, 0xff, 0xff, 0xff,
    0xff, 0xff, 0xfe, 0x10, 0x0, 0x8f, 0xff, 0xff,
    0xff, 0xff, 0xff, 0xd2, 0x0, 0x0, 0x6, 0xff,
    0xff, 0xff, 0xff, 0xfc, 0x10, 0x0, 0x1, 0xcf,
    0xff, 0xff, 0xff, 0xff, 0xff, 0xf7, 0x0, 0xc,
    0xff, 0xff, 0xff, 0xff, 0xff, 0xff, 0xff, 0x50,
    0x4f, 0xff, 0xff, 0xf3, 0x1, 0x9f, 0xff, 0xff,
    0xc0, 0x8f, 0xff, 0xff, 0xc0, 0x0, 0x3f, 0xff,
    0xff, 0xf1, 0xaf, 0xff, 0xff, 0xb0, 0x0, 0x2f,
    0xff, 0xff, 0xf3, 0xbf, 0xff, 0xff, 0xb0, 0x0,
    0x2f, 0xff, 0xff, 0xf4, 0xcf, 0xff, 0xff, 0xb0,
    0x0, 0x2f, 0xff, 0xff, 0xf4, 0xbf, 0xff, 0xff,
    0xd0, 0x0, 0x4f, 0xff, 0xff, 0xf4, 0x9f, 0xff,
    0xff, 0xf8, 0x45, 0xcf, 0xff, 0xff, 0xf2, 0x6f,
    0xff, 0xff, 0xff, 0xff, 0xff, 0xff, 0xff, 0xe0,
    0x1f, 0xff, 0xff, 0xff, 0xff, 0xff, 0xff, 0xff,
    0x90, 0x7, 0xff, 0xff, 0xff, 0xff, 0xff, 0xff,
    0xfe, 0x10, 0x0, 0x8f, 0xff, 0xff, 0xff, 0xff,
    0xff, 0xd3, 0x0, 0x0, 0x2, 0x7b, 0xdf, 0xff,
    0xed, 0xa5, 0x0, 0x0,

    /* U+0039 "9" */
    0x0, 0x3, 0x9c, 0xef, 0xff, 0xeb, 0x71, 0x0,
    0x0, 0xa, 0xff, 0xff, 0xff, 0xff, 0xff, 0xe4,
    0x0, 0x9, 0xff, 0xff, 0xff, 0xff, 0xff, 0xff,
    0xe1, 0x1, 0xff, 0xff, 0xff, 0xff, 0xff, 0xff,
    0xff, 0x80, 0x6f, 0xff, 0xff, 0xff, 0xff, 0xff,
    0xff, 0xfd, 0x9, 0xff, 0xff, 0xfe, 0x87, 0xaf,
    0xff, 0xff, 0xf1, 0xbf, 0xff, 0xff, 0x70, 0x0,
    0xef, 0xff, 0xff, 0x4c, 0xff, 0xff, 0xf5, 0x0,
    0xb, 0xff, 0xff, 0xf6, 0xdf, 0xff, 0xff, 0x40,
    0x0, 0xbf, 0xff, 0xff, 0x7d, 0xff, 0xff, 0xf4,
    0x0, 0xb, 0xff, 0xff, 0xf8, 0xdf, 0xff, 0xff,
    0x50, 0x0, 0xcf, 0xff, 0xff, 0x9c, 0xff, 0xff,
    0xfb, 0x10, 0x3f, 0xff, 0xff, 0xfa, 0xaf, 0xff,
    0xff, 0xff, 0xff, 0xff, 0xff, 0xff, 0xa7, 0xff,
    0xff, 0xff, 0xff, 0xff, 0xff, 0xff, 0xfa, 0x3f,
    0xff, 0xff, 0xff, 0xff, 0xff, 0xff, 0xff, 0xa0,
    0xbf, 0xff, 0xff, 0xff, 0xfd, 0xff, 0xff, 0xfa,
    0x1, 0xcf, 0xff, 0xff, 0xe4, 0xaf, 0xff, 0xff,
    0xa0, 0x0, 0x25, 0x66, 0x40, 0xa, 0xff, 0xff,
    0xf9, 0x0, 0x0, 0x0, 0x0, 0x0, 0xbf, 0xff,
    0xff, 0x80, 0x0, 0x0, 0x0, 0x0, 0xc, 0xff,
    0xff, 0xf6, 0x0, 0x0, 0x0, 0x0, 0x0, 0xff,
    0xff, 0xff, 0x40, 0x0, 0x0, 0x0, 0x0, 0x7f,
    0xff, 0xff, 0xf1, 0xd, 0xca, 0x98, 0x89, 0xcf,
    0xff, 0xff, 0xfe, 0x0, 0xef, 0xff, 0xff, 0xff,
    0xff, 0xff, 0xff, 0x90, 0xe, 0xff, 0xff, 0xff,
    0xff, 0xff, 0xff, 0xf2, 0x0, 0xef, 0xff, 0xff,
    0xff, 0xff, 0xff, 0xf7, 0x0, 0xe, 0xff, 0xff,
    0xff, 0xff, 0xff, 0xf7, 0x0, 0x0, 0x37, 0xac,
    0xef, 0xff, 0xeb, 0x71, 0x0, 0x0,

    /* U+003A ":" */
    0xff, 0xff, 0xff, 0x6f, 0xff, 0xff, 0xf6, 0xff,
    0xff, 0xff, 0x6f, 0xff, 0xff, 0xf6, 0xff, 0xff,
    0xff, 0x6c, 0xcc, 0xcc, 0xc5, 0x0, 0x0, 0x0,
    0x0, 0x0, 0x0, 0x0, 0x0, 0x0, 0x0, 0x0,
    0x0, 0x0, 0x0, 0x0, 0x0, 0x0, 0x0, 0x0,
    0x0, 0x0, 0x0, 0x0, 0x0, 0x0, 0x0, 0x0,
    0x0, 0x0, 0x0, 0x0, 0xc, 0xcc, 0xcc, 0xc5,
    0xff, 0xff, 0xff, 0x6f, 0xff, 0xff, 0xf6, 0xff,
    0xff, 0xff, 0x6f, 0xff, 0xff, 0xf6, 0xff, 0xff,
    0xff, 0x60,

    /* U+003B ";" */
    0xff, 0xff, 0xff, 0x6f, 0xff, 0xff, 0xf6, 0xff,
    0xff, 0xff, 0x6f, 0xff, 0xff, 0xf6, 0xff, 0xff,
    0xff, 0x6c, 0xcc, 0xcc, 0xc5, 0x0, 0x0, 0x0,
    0x0, 0x0, 0x0, 0x0, 0x0, 0x0, 0x0, 0x0,
    0x0, 0x0, 0x0, 0x0, 0x0, 0x0, 0x0, 0x0,
    0x0, 0x0, 0x0, 0x0, 0x0, 0x0, 0x0, 0x0,
    0x0, 0x0, 0x0, 0x0, 0xc, 0xcc, 0xcc, 0xc5,
    0xff, 0xff, 0xff, 0x6f, 0xff, 0xff, 0xf6, 0xff,
    0xff, 0xff, 0x6f, 0xff, 0xff, 0xf6, 0xff, 0xff,
    0xff, 0x60, 0xc, 0xff, 0xf5, 0x0, 0xcf, 0xff,
    0x40, 0xe, 0xff, 0xf2, 0x6, 0xff, 0xff, 0xf,
    0xff, 0xff, 0x80, 0xff, 0xff, 0xb0, 0xa, 0x97,
    0x30, 0x0,

    /* U+003C "<" */
    0x0, 0x0, 0x0, 0x0, 0x0, 0x0, 0x17, 0x80,
    0x0, 0x0, 0x0, 0x0, 0x6, 0xbf, 0xfb, 0x0,
    0x0, 0x0, 0x5, 0xaf, 0xff, 0xff, 0xb0, 0x0,
    0x3, 0x9e, 0xff, 0xff, 0xff, 0xfb, 0x2, 0x8e,
    0xff, 0xff, 0xff, 0xff, 0xff, 0xba, 0xff, 0xff,
    0xff, 0xff, 0xff, 0xfc, 0x72, 0xcf, 0xff, 0xff,
    0xff, 0xfb, 0x61, 0x0, 0xc, 0xff, 0xff, 0xfd,
    0x51, 0x0, 0x0, 0x0, 0xcf, 0xff, 0xff, 0xfd,
    0x83, 0x0, 0x0, 0xc, 0xff, 0xff, 0xff, 0xff,
    0xfe, 0x94, 0x0, 0x4a, 0xff, 0xff, 0xff, 0xff,
    0xff, 0xff, 0x80, 0x0, 0x6b, 0xff, 0xff, 0xff,
    0xff, 0xfb, 0x0, 0x0, 0x1, 0x6c, 0xff, 0xff,
    0xff, 0xb0, 0x0, 0x0, 0x0, 0x2, 0x7d, 0xff,
    0xfb, 0x0, 0x0, 0x0, 0x0, 0x0, 0x3, 0x8e,
    0xb0, 0x0, 0x0, 0x0, 0x0, 0x0, 0x0, 0x2,

    /* U+003D "=" */
    0xcf, 0xff, 0xff, 0xff, 0xff, 0xff, 0xff, 0xac,
    0xff, 0xff, 0xff, 0xff, 0xff, 0xff, 0xfa, 0xcf,
    0xff, 0xff, 0xff, 0xff, 0xff, 0xff, 0xac, 0xff,
    0xff, 0xff, 0xff, 0xff, 0xff, 0xfa, 0xbf, 0xff,
    0xff, 0xff, 0xff, 0xff, 0xff, 0x90, 0x0, 0x0,
    0x0, 0x0, 0x0, 0x0, 0x0, 0x0, 0x0, 0x0,
    0x0, 0x0, 0x0, 0x0, 0xb, 0xff, 0xff, 0xff,
    0xff, 0xff, 0xff, 0xf9, 0xcf, 0xff, 0xff, 0xff,
    0xff, 0xff, 0xff, 0xac, 0xff, 0xff, 0xff, 0xff,
    0xff, 0xff, 0xfa, 0xcf, 0xff, 0xff, 0xff, 0xff,
    0xff, 0xff, 0xac, 0xff, 0xff, 0xff, 0xff, 0xff,
    0xff, 0xfa,

    /* U+003E ">" */
    0x96, 0x10, 0x0, 0x0, 0x0, 0x0, 0x0, 0xc,
    0xff, 0xb5, 0x0, 0x0, 0x0, 0x0, 0x0, 0xcf,
    0xff, 0xff, 0xa4, 0x0, 0x0, 0x0, 0xc, 0xff,
    0xff, 0xff, 0xfe, 0x93, 0x0, 0x0, 0xcf, 0xff,
    0xff, 0xff, 0xff, 0xfd, 0x82, 0x2, 0x8d, 0xff,
    0xff, 0xff, 0xff, 0xff, 0xf9, 0x0, 0x2, 0x7c,
    0xff, 0xff, 0xff, 0xff, 0xb0, 0x0, 0x0, 0x1,
    0x6d, 0xff, 0xff, 0xfb, 0x0, 0x0, 0x4, 0x9e,
    0xff, 0xff, 0xff, 0xb0, 0x5, 0xae, 0xff, 0xff,
    0xff, 0xff, 0xfb, 0x9f, 0xff, 0xff, 0xff, 0xff,
    0xff, 0xfa, 0x3c, 0xff, 0xff, 0xff, 0xff, 0xfb,
    0x50, 0x0, 0xcf, 0xff, 0xff, 0xfc, 0x61, 0x0,
    0x0, 0xc, 0xff, 0xfd, 0x71, 0x0, 0x0, 0x0,
    0x0, 0xce, 0x82, 0x0, 0x0, 0x0, 0x0, 0x0,
    0x2, 0x0, 0x0, 0x0, 0x0, 0x0, 0x0, 0x0,

    /* U+003F "?" */
    0x48, 0xac, 0xef, 0xff, 0xd9, 0x40, 0x0, 0xbf,
    0xff, 0xff, 0xff, 0xff, 0xfb, 0x0, 0xbf, 0xff,
    0xff, 0xff, 0xff, 0xff, 0xa0, 0xbf, 0xff, 0xff,
    0xff, 0xff, 0xff, 0xf2, 0xbf, 0xff, 0xff, 0xff,
    0xff, 0xff, 0xf6, 0x8a, 0x98, 0x89, 0xdf, 0xff,
    0xff, 0xf9, 0x0, 0x0, 0x0, 0xe, 0xff, 0xff,
    0xf9, 0x0, 0x0, 0x0, 0xb, 0xff, 0xff, 0xf9,
    0x0, 0x0, 0x0, 0xc, 0xff, 0xff, 0xf8, 0x0,
    0x0, 0x0, 0x2f, 0xff, 0xff, 0xf6, 0x0, 0x0,
    0x4, 0xef, 0xff, 0xff, 0xf1, 0x0, 0x0, 0xaf,
    0xff, 0xff, 0xff, 0xa0, 0x0, 0x9, 0xff, 0xff,
    0xff, 0xfb, 0x0, 0x0, 0xf, 0xff, 0xff, 0xff,
    0x70, 0x0, 0x0, 0x1f, 0xff, 0xff, 0xe3, 0x0,
    0x0, 0x0, 0x2f, 0xff, 0xff, 0x50, 0x0, 0x0,
    0x0, 0x2f, 0xff, 0xff, 0x30, 0x0, 0x0, 0x0,
    0x2f, 0xff, 0xff, 0x30, 0x0, 0x0, 0x0, 0x2e,
    0xee, 0xee, 0x20, 0x0, 0x0, 0x0, 0x0, 0x0,
    0x0, 0x0, 0x0, 0x0, 0x0, 0x0, 0x0, 0x0,
    0x0, 0x0, 0x0, 0x0, 0x0, 0x0, 0x0, 0x0,
    0x0, 0x0, 0x0, 0x8c, 0xcc, 0xcc, 0x90, 0x0,
    0x0, 0x0, 0xbf, 0xff, 0xff, 0xb0, 0x0, 0x0,
    0x0, 0xbf, 0xff, 0xff, 0xb0, 0x0, 0x0, 0x0,
    0xbf, 0xff, 0xff, 0xb0, 0x0, 0x0, 0x0, 0xbf,
    0xff, 0xff, 0xb0, 0x0, 0x0, 0x0, 0xbf, 0xff,
    0xff, 0xb0, 0x0, 0x0,

    /* U+0040 "@" */
    0x0, 0x0, 0x27, 0x9c, 0xde, 0xff, 0xff, 0xfe,
    0xdb, 0x96, 0x10, 0x0, 0x0, 0x2, 0xbf, 0xff,
    0xff, 0xff, 0xff, 0xff, 0xff, 0xff, 0xff, 0xa0,
    0x0, 0x1, 0xef, 0xff, 0xda, 0x98, 0x88, 0x88,
    0x89, 0x9b, 0xef, 0xff, 0xc0, 0x0, 0xaf, 0xfc,
    0x20, 0x0, 0x0, 0x0, 0x0, 0x0, 0x0, 0x5e,
    0xff, 0x60, 0xf, 0xfd, 0x0, 0x0, 0x0, 0x0,
    0x0, 0x0, 0x0, 0x0, 0x3f, 0xfc, 0x4, 0xff,
    0x60, 0x0, 0x0, 0x0, 0x0, 0x0, 0x0, 0x0,
    0x0, 0xbf, 0xf0, 0x7f, 0xf2, 0x0, 0x0, 0x0,
    0x0, 0x0, 0x0, 0x0, 0x0, 0x7, 0xff, 0x29,
    0xff, 0x0, 0x0, 0x9b, 0xde, 0xff, 0xfd, 0x92,
    0x0, 0x0, 0x4f, 0xf4, 0xaf, 0xf0, 0x0, 0xf,
    0xff, 0xff, 0xff, 0xff, 0xe3, 0x0, 0x3, 0xff,
    0x5b, 0xfe, 0x0, 0x0, 0xff, 0xff, 0xff, 0xff,
    0xff, 0xd0, 0x0, 0x2f, 0xf7, 0xcf, 0xd0, 0x0,
    0xf, 0xff, 0xff, 0xff, 0xff, 0xff, 0x30, 0x1,
    0xff, 0x7c, 0xfd, 0x0, 0x0, 0x54, 0x33, 0x35,
    0xdf, 0xff, 0xf6, 0x0, 0x1f, 0xf8, 0xdf, 0xc0,
    0x0, 0x0, 0x0, 0x0, 0x8, 0xff, 0xff, 0x70,
    0x1, 0xff, 0x8d, 0xfc, 0x0, 0x0, 0x0, 0x0,
    0x0, 0x7f, 0xff, 0xf8, 0x0, 0x1f, 0xf9, 0xdf,
    0xc0, 0x0, 0x2, 0xae, 0xff, 0xff, 0xff, 0xff,
    0x80, 0x0, 0xff, 0x9d, 0xfc, 0x0, 0x1, 0xff,
    0xff, 0xff, 0xff, 0xff, 0xf9, 0x0, 0xf, 0xf9,
    0xef, 0xc0, 0x0, 0x7f, 0xff, 0xff, 0xff, 0xff,
    0xff, 0x90, 0x0, 0xff, 0x9d, 0xfc, 0x0, 0xb,
    0xff, 0xff, 0x41, 0x7f, 0xff, 0xf9, 0x0, 0xf,
    0xf9, 0xdf, 0xc0, 0x0, 0xcf, 0xff, 0xe0, 0x7,
    0xff, 0xff, 0x90, 0x1, 0xff, 0x8d, 0xfc, 0x0,
    0xd, 0xff, 0xfe, 0x0, 0x8f, 0xff, 0xf9, 0x0,
    0x1f, 0xf8, 0xdf, 0xc0, 0x0, 0xcf, 0xff, 0xf4,
    0x2d, 0xff, 0xff, 0x90, 0x2, 0xff, 0x6c, 0xfd,
    0x0, 0xb, 0xff, 0xff, 0xff, 0xff, 0xff, 0xf9,
    0x0, 0x5f, 0xf4, 0xbf, 0xd0, 0x0, 0x8f, 0xff,
    0xff, 0xff, 0xff, 0xff, 0xc8, 0x9e, 0xff, 0x1b,
    0xfe, 0x0, 0x2, 0xff, 0xff, 0xff, 0x7f, 0xff,
    0xff, 0xff, 0xff, 0xb0, 0x9f, 0xf0, 0x0, 0x7,
    0xff, 0xfe, 0x44, 0xff, 0xff, 0xff, 0xfe, 0xa1,
    0x8, 0xff, 0x10, 0x0, 0x1, 0x43, 0x0, 0x0,
    0x0, 0x0, 0x0, 0x0, 0x0, 0x6f, 0xf4, 0x0,
    0x0, 0x0, 0x0, 0x0, 0x0, 0x0, 0x0, 0x0,
    0x0, 0x3, 0xff, 0x90, 0x0, 0x0, 0x0, 0x0,
    0x0, 0x0, 0x0, 0x0, 0x0, 0x0, 0xe, 0xff,
    0x20, 0x0, 0x0, 0x0, 0x0, 0x0, 0x0, 0x0,
    0x0, 0x0, 0x0, 0x6f, 0xfe, 0x73, 0x10, 0x0,
    0x0, 0x0, 0x0, 0x0, 0x0, 0x0, 0x0, 0x0,
    0x9f, 0xff, 0xff, 0xff, 0xff, 0xff, 0xff, 0xff,
    0x90, 0x0, 0x0, 0x0, 0x0, 0x5b, 0xff, 0xff,
    0xff, 0xff, 0xff, 0xff, 0xf9, 0x0, 0x0, 0x0,
    0x0, 0x0, 0x0, 0x35, 0x67, 0x88, 0x89, 0x99,
    0x99, 0x50, 0x0, 0x0, 0x0,

    /* U+0041 "A" */
    0x0, 0x0, 0x9, 0xff, 0xff, 0xff, 0xff, 0xe0,
    0x0, 0x0, 0x0, 0x0, 0x0, 0xcf, 0xff, 0xff,
    0xff, 0xff, 0x20, 0x0, 0x0, 0x0, 0x0, 0xf,
    0xff, 0xff, 0xff, 0xff, 0xf5, 0x0, 0x0, 0x0,
    0x0, 0x2, 0xff, 0xff, 0xff, 0xff, 0xff, 0x80,
    0x0, 0x0, 0x0, 0x0, 0x5f, 0xff, 0xff, 0xff,
    0xff, 0xfb, 0x0, 0x0, 0x0, 0x0, 0x8, 0xff,
    0xff, 0xff, 0xff, 0xff, 0xe0, 0x0, 0x0, 0x0,
    0x0, 0xbf, 0xff, 0xfe, 0xcf, 0xff, 0xff, 0x10,
    0x0, 0x0, 0x0, 0xe, 0xff, 0xff, 0xc9, 0xff,
    0xff, 0xf4, 0x0, 0x0, 0x0, 0x1, 0xff, 0xff,
    0xf9, 0x6f, 0xff, 0xff, 0x70, 0x0, 0x0, 0x0,
    0x4f, 0xff, 0xff, 0x74, 0xff, 0xff, 0xfa, 0x0,
    0x0, 0x0, 0x7, 0xff, 0xff, 0xf4, 0x1f, 0xff,
    0xff, 0xd0, 0x0, 0x0, 0x0, 0xaf, 0xff, 0xff,
    0x20, 0xff, 0xff, 0xff, 0x0, 0x0, 0x0, 0xd,
    0xff, 0xff, 0xf0, 0xc, 0xff, 0xff, 0xf3, 0x0,
    0x0, 0x0, 0xff, 0xff, 0xfd, 0x0, 0xaf, 0xff,
    0xff, 0x60, 0x0, 0x0, 0x3f, 0xff, 0xff, 0xa0,
    0x7, 0xff, 0xff, 0xf9, 0x0, 0x0, 0x6, 0xff,
    0xff, 0xf8, 0x0, 0x5f, 0xff, 0xff, 0xc0, 0x0,
    0x0, 0x9f, 0xff, 0xff, 0x50, 0x2, 0xff, 0xff,
    0xff, 0x0, 0x0, 0xc, 0xff, 0xff, 0xf8, 0x66,
    0x6f, 0xff, 0xff, 0xf2, 0x0, 0x0, 0xff, 0xff,
    0xff, 0xff, 0xff, 0xff, 0xff, 0xff, 0x50, 0x0,
    0x2f, 0xff, 0xff, 0xff, 0xff, 0xff, 0xff, 0xff,
    0xf8, 0x0, 0x6, 0xff, 0xff, 0xff, 0xff, 0xff,
    0xff, 0xff, 0xff, 0xb0, 0x0, 0x9f, 0xff, 0xff,
    0xff, 0xff, 0xff, 0xff, 0xff, 0xfe, 0x0, 0xc,
    0xff, 0xff, 0xff, 0xff, 0xff, 0xff, 0xff, 0xff,
    0xf1, 0x0, 0xff, 0xff, 0xff, 0x40, 0x0, 0x0,
    0xff, 0xff, 0xff, 0x40, 0x2f, 0xff, 0xff, 0xf1,
    0x0, 0x0, 0xd, 0xff, 0xff, 0xf7, 0x5, 0xff,
    0xff, 0xfe, 0x0, 0x0, 0x0, 0xbf, 0xff, 0xff,
    0xa0, 0x8f, 0xff, 0xff, 0xc0, 0x0, 0x0, 0x8,
    0xff, 0xff, 0xfd, 0xb, 0xff, 0xff, 0xf9, 0x0,
    0x0, 0x0, 0x5f, 0xff, 0xff, 0xf1,

    /* U+0042 "B" */
    0x2f, 0xff, 0xff, 0xff, 0xff, 0xff, 0xd9, 0x20,
    0x0, 0x2f, 0xff, 0xff, 0xff, 0xff, 0xff, 0xff,
    0xf6, 0x0, 0x2f, 0xff, 0xff, 0xff, 0xff, 0xff,
    0xff, 0xff, 0x30, 0x2f, 0xff, 0xff, 0xff, 0xff,
    0xff, 0xff, 0xff, 0xb0, 0x2f, 0xff, 0xff, 0xff,
    0xff, 0xff, 0xff, 0xff, 0xf0, 0x2f, 0xff, 0xff,
    0xf9, 0x88, 0xcf, 0xff, 0xff, 0xf3, 0x2f, 0xff,
    0xff, 0xf2, 0x0, 0x1f, 0xff, 0xff, 0xf4, 0x2f,
    0xff, 0xff, 0xf2, 0x0, 0xf, 0xff, 0xff, 0xf4,
    0x2f, 0xff, 0xff, 0xf2, 0x0, 0xf, 0xff, 0xff,
    0xf3, 0x2f, 0xff, 0xff, 0xf2, 0x0, 0xf, 0xff,
    0xff, 0xf1, 0x2f, 0xff, 0xff, 0xf2, 0x0, 0x6f,
    0xff, 0xff, 0xd0, 0x2f, 0xff, 0xff, 0xff, 0xff,
    0xff, 0xff, 0xff, 0x50, 0x2f, 0xff, 0xff, 0xff,
    0xff, 0xff, 0xff, 0xf7, 0x0, 0x2f, 0xff, 0xff,
    0xff, 0xff, 0xff, 0xfe, 0x30, 0x0, 0x2f, 0xff,
    0xff, 0xff, 0xff, 0xff, 0xff, 0xf8, 0x0, 0x2f,
    0xff, 0xff, 0xff, 0xff, 0xff, 0xff, 0xff, 0x70,
    0x2f, 0xff, 0xff, 0xf6, 0x55, 0xaf, 0xff, 0xff,
    0xf0, 0x2f, 0xff, 0xff, 0xf2, 0x0, 0xf, 0xff,
    0xff, 0xf4, 0x2f, 0xff, 0xff, 0xf2, 0x0, 0xe,
    0xff, 0xff, 0xf6, 0x2f, 0xff, 0xff, 0xf2, 0x0,
    0xe, 0xff, 0xff, 0xf7, 0x2f, 0xff, 0xff, 0xf2,
    0x0, 0xe, 0xff, 0xff, 0xf8, 0x2f, 0xff, 0xff,
    0xf2, 0x0, 0xf, 0xff, 0xff, 0xf7, 0x2f, 0xff,
    0xff, 0xf9, 0x88, 0xcf, 0xff, 0xff, 0xf5, 0x2f,
    0xff, 0xff, 0xff, 0xff, 0xff, 0xff, 0xff, 0xf2,
    0x2f, 0xff, 0xff, 0xff, 0xff, 0xff, 0xff, 0xff,
    0xd0, 0x2f, 0xff, 0xff, 0xff, 0xff, 0xff, 0xff,
    0xff, 0x40, 0x2f, 0xff, 0xff, 0xff, 0xff, 0xff,
    0xff, 0xf7, 0x0, 0x2f, 0xff, 0xff, 0xff, 0xff,
    0xff, 0xd9, 0x20, 0x0,

    /* U+0043 "C" */
    0x0, 0x0, 0x49, 0xce, 0xff, 0xec, 0xa5, 0x0,
    0x1b, 0xff, 0xff, 0xff, 0xff, 0xfd, 0x0, 0xcf,
    0xff, 0xff, 0xff, 0xff, 0xfd, 0x6, 0xff, 0xff,
    0xff, 0xff, 0xff, 0xfd, 0xc, 0xff, 0xff, 0xff,
    0xff, 0xff, 0xfd, 0xf, 0xff, 0xff, 0xff, 0xc9,
    0x99, 0xaa, 0x3f, 0xff, 0xff, 0xf7, 0x0, 0x0,
    0x0, 0x5f, 0xff, 0xff, 0xf1, 0x0, 0x0, 0x0,
    0x7f, 0xff, 0xff, 0xe0, 0x0, 0x0, 0x0, 0x8f,
    0xff, 0xff, 0xd0, 0x0, 0x0, 0x0, 0x9f, 0xff,
    0xff, 0xd0, 0x0, 0x0, 0x0, 0x9f, 0xff, 0xff,
    0xd0, 0x0, 0x0, 0x0, 0x9f, 0xff, 0xff, 0xc0,
    0x0, 0x0, 0x0, 0xaf, 0xff, 0xff, 0xc0, 0x0,
    0x0, 0x0, 0xaf, 0xff, 0xff, 0xc0, 0x0, 0x0,
    0x0, 0x9f, 0xff, 0xff, 0xc0, 0x0, 0x0, 0x0,
    0x9f, 0xff, 0xff, 0xd0, 0x0, 0x0, 0x0, 0x9f,
    0xff, 0xff, 0xd0, 0x0, 0x0, 0x0, 0x8f, 0xff,
    0xff, 0xd0, 0x0, 0x0, 0x0, 0x7f, 0xff, 0xff,
    0xe0, 0x0, 0x0, 0x0, 0x5f, 0xff, 0xff, 0xf1,
    0x0, 0x0, 0x0, 0x3f, 0xff, 0xff, 0xf7, 0x0,
    0x0, 0x0, 0x1f, 0xff, 0xff, 0xff, 0xc9, 0x99,
    0xab, 0xd, 0xff, 0xff, 0xff, 0xff, 0xff, 0xfe,
    0x6, 0xff, 0xff, 0xff, 0xff, 0xff, 0xfe, 0x0,
    0xdf, 0xff, 0xff, 0xff, 0xff, 0xfe, 0x0, 0x1c,
    0xff, 0xff, 0xff, 0xff, 0xfe, 0x0, 0x0, 0x59,
    0xce, 0xff, 0xec, 0xa5,

    /* U+0044 "D" */
    0x2f, 0xff, 0xff, 0xff, 0xff, 0xec, 0xa5, 0x0,
    0x0, 0x2f, 0xff, 0xff, 0xff, 0xff, 0xff, 0xff,
    0xe3, 0x0, 0x2f, 0xff, 0xff, 0xff, 0xff, 0xff,
    0xff, 0xfe, 0x20, 0x2f, 0xff, 0xff, 0xff, 0xff,
    0xff, 0xff, 0xff, 0xa0, 0x2f, 0xff, 0xff, 0xff,
    0xff, 0xff, 0xff, 0xff, 0xf0, 0x2f, 0xff, 0xff,
    0xfa, 0x8a, 0xef, 0xff, 0xff, 0xf2, 0x2f, 0xff,
    0xff, 0xf3, 0x0, 0x3f, 0xff, 0xff, 0xf4, 0x2f,
    0xff, 0xff, 0xf3, 0x0, 0xf, 0xff, 0xff, 0xf5,
    0x2f, 0xff, 0xff, 0xf3, 0x0, 0xe, 0xff, 0xff,
    0xf7, 0x2f, 0xff, 0xff, 0xf3, 0x0, 0xd, 0xff,
    0xff, 0xf7, 0x2f, 0xff, 0xff, 0xf3, 0x0, 0xd,
    0xff, 0xff, 0xf8, 0x2f, 0xff, 0xff, 0xf3, 0x0,
    0xd, 0xff, 0xff, 0xf8, 0x2f, 0xff, 0xff, 0xf3,
    0x0, 0xc, 0xff, 0xff, 0xf8, 0x2f, 0xff, 0xff,
    0xf3, 0x0, 0xc, 0xff, 0xff, 0xf8, 0x2f, 0xff,
    0xff, 0xf3, 0x0, 0xc, 0xff, 0xff, 0xf8, 0x2f,
    0xff, 0xff, 0xf3, 0x0, 0xc, 0xff, 0xff, 0xf8,
    0x2f, 0xff, 0xff, 0xf3, 0x0, 0xd, 0xff, 0xff,
    0xf8, 0x2f, 0xff, 0xff, 0xf3, 0x0, 0xd, 0xff,
    0xff, 0xf8, 0x2f, 0xff, 0xff, 0xf3, 0x0, 0xd,
    0xff, 0xff, 0xf7, 0x2f, 0xff, 0xff, 0xf3, 0x0,
    0xe, 0xff, 0xff, 0xf6, 0x2f, 0xff, 0xff, 0xf3,
    0x0, 0xf, 0xff, 0xff, 0xf5, 0x2f, 0xff, 0xff,
    0xf3, 0x0, 0x3f, 0xff, 0xff, 0xf4, 0x2f, 0xff,
    0xff, 0xfa, 0x8a, 0xef, 0xff, 0xff, 0xf2, 0x2f,
    0xff, 0xff, 0xff, 0xff, 0xff, 0xff, 0xff, 0xf0,
    0x2f, 0xff, 0xff, 0xff, 0xff, 0xff, 0xff, 0xff,
    0xa0, 0x2f, 0xff, 0xff, 0xff, 0xff, 0xff, 0xff,
    0xff, 0x20, 0x2f, 0xff, 0xff, 0xff, 0xff, 0xff,
    0xff, 0xe3, 0x0, 0x2f, 0xff, 0xff, 0xff, 0xff,
    0xec, 0xa5, 0x0, 0x0,

    /* U+0045 "E" */
    0x2f, 0xff, 0xff, 0xff, 0xff, 0xff, 0xff, 0x92,
    0xff, 0xff, 0xff, 0xff, 0xff, 0xff, 0xf9, 0x2f,
    0xff, 0xff, 0xff, 0xff, 0xff, 0xff, 0x92, 0xff,
    0xff, 0xff, 0xff, 0xff, 0xff, 0xf9, 0x2f, 0xff,
    0xff, 0xff, 0xff, 0xff, 0xff, 0x92, 0xff, 0xff,
    0xff, 0xa8, 0x88, 0x88, 0x84, 0x2f, 0xff, 0xff,
    0xf3, 0x0, 0x0, 0x0, 0x2, 0xff, 0xff, 0xff,
    0x30, 0x0, 0x0, 0x0, 0x2f, 0xff, 0xff, 0xf3,
    0x0, 0x0, 0x0, 0x2, 0xff, 0xff, 0xff, 0x30,
    0x0, 0x0, 0x0, 0x2f, 0xff, 0xff, 0xf3, 0x0,
    0x0, 0x0, 0x2, 0xff, 0xff, 0xff, 0xff, 0xff,
    0xff, 0x90, 0x2f, 0xff, 0xff, 0xff, 0xff, 0xff,
    0xf9, 0x2, 0xff, 0xff, 0xff, 0xff, 0xff, 0xff,
    0x90, 0x2f, 0xff, 0xff, 0xff, 0xff, 0xff, 0xf9,
    0x2, 0xff, 0xff, 0xff, 0xff, 0xff, 0xff, 0x90,
    0x2f, 0xff, 0xff, 0xfa, 0x88, 0x88, 0x84, 0x2,
    0xff, 0xff, 0xff, 0x30, 0x0, 0x0, 0x0, 0x2f,
    0xff, 0xff, 0xf3, 0x0, 0x0, 0x0, 0x2, 0xff,
    0xff, 0xff, 0x30, 0x0, 0x0, 0x0, 0x2f, 0xff,
    0xff, 0xf3, 0x0, 0x0, 0x0, 0x2, 0xff, 0xff,
    0xff, 0x30, 0x0, 0x0, 0x0, 0x2f, 0xff, 0xff,
    0xfa, 0x88, 0x88, 0x88, 0x42, 0xff, 0xff, 0xff,
    0xff, 0xff, 0xff, 0xf9, 0x2f, 0xff, 0xff, 0xff,
    0xff, 0xff, 0xff, 0x92, 0xff, 0xff, 0xff, 0xff,
    0xff, 0xff, 0xf9, 0x2f, 0xff, 0xff, 0xff, 0xff,
    0xff, 0xff, 0x92, 0xff, 0xff, 0xff, 0xff, 0xff,
    0xff, 0xf9,

    /* U+0046 "F" */
    0x2f, 0xff, 0xff, 0xff, 0xff, 0xff, 0xff, 0x2f,
    0xff, 0xff, 0xff, 0xff, 0xff, 0xff, 0x2f, 0xff,
    0xff, 0xff, 0xff, 0xff, 0xff, 0x2f, 0xff, 0xff,
    0xff, 0xff, 0xff, 0xff, 0x2f, 0xff, 0xff, 0xff,
    0xff, 0xff, 0xff, 0x2f, 0xff, 0xff, 0xfa, 0x88,
    0x88, 0x88, 0x2f, 0xff, 0xff, 0xf3, 0x0, 0x0,
    0x0, 0x2f, 0xff, 0xff, 0xf3, 0x0, 0x0, 0x0,
    0x2f, 0xff, 0xff, 0xf3, 0x0, 0x0, 0x0, 0x2f,
    0xff, 0xff, 0xf3, 0x0, 0x0, 0x0, 0x2f, 0xff,
    0xff, 0xf3, 0x0, 0x0, 0x0, 0x2f, 0xff, 0xff,
    0xf3, 0x0, 0x0, 0x0, 0x2f, 0xff, 0xff, 0xff,
    0xff, 0xff, 0xf2, 0x2f, 0xff, 0xff, 0xff, 0xff,
    0xff, 0xf2, 0x2f, 0xff, 0xff, 0xff, 0xff, 0xff,
    0xf2, 0x2f, 0xff, 0xff, 0xff, 0xff, 0xff, 0xf2,
    0x2f, 0xff, 0xff, 0xff, 0xff, 0xff, 0xf2, 0x2f,
    0xff, 0xff, 0xfa, 0x88, 0x88, 0x81, 0x2f, 0xff,
    0xff, 0xf3, 0x0, 0x0, 0x0, 0x2f, 0xff, 0xff,
    0xf3, 0x0, 0x0, 0x0, 0x2f, 0xff, 0xff, 0xf3,
    0x0, 0x0, 0x0, 0x2f, 0xff, 0xff, 0xf3, 0x0,
    0x0, 0x0, 0x2f, 0xff, 0xff, 0xf3, 0x0, 0x0,
    0x0, 0x2f, 0xff, 0xff, 0xf3, 0x0, 0x0, 0x0,
    0x2f, 0xff, 0xff, 0xf3, 0x0, 0x0, 0x0, 0x2f,
    0xff, 0xff, 0xf3, 0x0, 0x0, 0x0, 0x2f, 0xff,
    0xff, 0xf3, 0x0, 0x0, 0x0, 0x2f, 0xff, 0xff,
    0xf3, 0x0, 0x0, 0x0,

    /* U+0047 "G" */
    0x0, 0x0, 0x17, 0xbd, 0xff, 0xff, 0xdc, 0xa7,
    0x30, 0x0, 0x8f, 0xff, 0xff, 0xff, 0xff, 0xff,
    0xfe, 0x0, 0x8f, 0xff, 0xff, 0xff, 0xff, 0xff,
    0xff, 0xe0, 0x2f, 0xff, 0xff, 0xff, 0xff, 0xff,
    0xff, 0xfe, 0x9, 0xff, 0xff, 0xff, 0xff, 0xff,
    0xff, 0xff, 0xe0, 0xef, 0xff, 0xff, 0xfe, 0xb9,
    0x99, 0xab, 0xcc, 0x1f, 0xff, 0xff, 0xfa, 0x0,
    0x0, 0x0, 0x0, 0x4, 0xff, 0xff, 0xff, 0x20,
    0x0, 0x0, 0x0, 0x0, 0x6f, 0xff, 0xff, 0xf0,
    0x0, 0x0, 0x0, 0x0, 0x7, 0xff, 0xff, 0xfd,
    0x0, 0x0, 0x0, 0x0, 0x0, 0x8f, 0xff, 0xff,
    0xc0, 0x0, 0x0, 0x0, 0x0, 0x9, 0xff, 0xff,
    0xfc, 0x0, 0xef, 0xff, 0xff, 0xff, 0x9f, 0xff,
    0xff, 0xb0, 0xe, 0xff, 0xff, 0xff, 0xfa, 0xff,
    0xff, 0xfb, 0x0, 0xef, 0xff, 0xff, 0xff, 0xaf,
    0xff, 0xff, 0xb0, 0xe, 0xff, 0xff, 0xff, 0xf9,
    0xff, 0xff, 0xfb, 0x0, 0xef, 0xff, 0xff, 0xff,
    0x9f, 0xff, 0xff, 0xb0, 0x4, 0x5d, 0xff, 0xff,
    0xf8, 0xff, 0xff, 0xfc, 0x0, 0x0, 0xcf, 0xff,
    0xff, 0x7f, 0xff, 0xff, 0xc0, 0x0, 0xc, 0xff,
    0xff, 0xf6, 0xff, 0xff, 0xfd, 0x0, 0x0, 0xcf,
    0xff, 0xff, 0x4f, 0xff, 0xff, 0xf0, 0x0, 0xc,
    0xff, 0xff, 0xf2, 0xff, 0xff, 0xff, 0x50, 0x0,
    0xcf, 0xff, 0xff, 0xf, 0xff, 0xff, 0xff, 0x86,
    0x6e, 0xff, 0xff, 0xf0, 0xaf, 0xff, 0xff, 0xff,
    0xff, 0xff, 0xff, 0xff, 0x4, 0xff, 0xff, 0xff,
    0xff, 0xff, 0xff, 0xff, 0xf0, 0xa, 0xff, 0xff,
    0xff, 0xff, 0xff, 0xff, 0xff, 0x0, 0xa, 0xff,
    0xff, 0xff, 0xff, 0xff, 0xff, 0xf0, 0x0, 0x3,
    0x8c, 0xef, 0xff, 0xed, 0xb9, 0x73,

    /* U+0048 "H" */
    0x3f, 0xff, 0xff, 0xf3, 0x0, 0x7, 0xff, 0xff,
    0xfe, 0x3f, 0xff, 0xff, 0xf3, 0x0, 0x7, 0xff,
    0xff, 0xfe, 0x3f, 0xff, 0xff, 0xf3, 0x0, 0x7,
    0xff, 0xff, 0xfe, 0x3f, 0xff, 0xff, 0xf3, 0x0,
    0x7, 0xff, 0xff, 0xfe, 0x3f, 0xff, 0xff, 0xf3,
    0x0, 0x7, 0xff, 0xff, 0xfe, 0x3f, 0xff, 0xff,
    0xf3, 0x0, 0x7, 0xff, 0xff, 0xfe, 0x3f, 0xff,
    0xff, 0xf3, 0x0, 0x7, 0xff, 0xff, 0xfe, 0x3f,
    0xff, 0xff, 0xf3, 0x0, 0x7, 0xff, 0xff, 0xfe,
    0x3f, 0xff, 0xff, 0xf3, 0x0, 0x7, 0xff, 0xff,
    0xfe, 0x3f, 0xff, 0xff, 0xf3, 0x0, 0x7, 0xff,
    0xff, 0xfe, 0x3f, 0xff, 0xff, 0xf3, 0x0, 0x7,
    0xff, 0xff, 0xfe, 0x3f, 0xff, 0xff, 0xff, 0xff,
    0xff, 0xff, 0xff, 0xfe, 0x3f, 0xff, 0xff, 0xff,
    0xff, 0xff, 0xff, 0xff, 0xfe, 0x3f, 0xff, 0xff,
    0xff, 0xff, 0xff, 0xff, 0xff, 0xfe, 0x3f, 0xff,
    0xff, 0xff, 0xff, 0xff, 0xff, 0xff, 0xfe, 0x3f,
    0xff, 0xff, 0xff, 0xff, 0xff, 0xff, 0xff, 0xfe,
    0x3f, 0xff, 0xff, 0xfe, 0xee, 0xee, 0xff, 0xff,
    0xfe, 0x3f, 0xff, 0xff, 0xf3, 0x0, 0x7, 0xff,
    0xff, 0xfe, 0x3f, 0xff, 0xff, 0xf3, 0x0, 0x7,
    0xff, 0xff, 0xfe, 0x3f, 0xff, 0xff, 0xf3, 0x0,
    0x7, 0xff, 0xff, 0xfe, 0x3f, 0xff, 0xff, 0xf3,
    0x0, 0x7, 0xff, 0xff, 0xfe, 0x3f, 0xff, 0xff,
    0xf3, 0x0, 0x7, 0xff, 0xff, 0xfe, 0x3f, 0xff,
    0xff, 0xf3, 0x0, 0x7, 0xff, 0xff, 0xfe, 0x3f,
    0xff, 0xff, 0xf3, 0x0, 0x7, 0xff, 0xff, 0xfe,
    0x3f, 0xff, 0xff, 0xf3, 0x0, 0x7, 0xff, 0xff,
    0xfe, 0x3f, 0xff, 0xff, 0xf3, 0x0, 0x7, 0xff,
    0xff, 0xfe, 0x3f, 0xff, 0xff, 0xf3, 0x0, 0x7,
    0xff, 0xff, 0xfe, 0x3f, 0xff, 0xff, 0xf3, 0x0,
    0x7, 0xff, 0xff, 0xfe,

    /* U+0049 "I" */
    0x2f, 0xff, 0xff, 0xf3, 0x2f, 0xff, 0xff, 0xf3,
    0x2f, 0xff, 0xff, 0xf3, 0x2f, 0xff, 0xff, 0xf3,
    0x2f, 0xff, 0xff, 0xf3, 0x2f, 0xff, 0xff, 0xf3,
    0x2f, 0xff, 0xff, 0xf3, 0x2f, 0xff, 0xff, 0xf3,
    0x2f, 0xff, 0xff, 0xf3, 0x2f, 0xff, 0xff, 0xf3,
    0x2f, 0xff, 0xff, 0xf3, 0x2f, 0xff, 0xff, 0xf3,
    0x2f, 0xff, 0xff, 0xf3, 0x2f, 0xff, 0xff, 0xf3,
    0x2f, 0xff, 0xff, 0xf3, 0x2f, 0xff, 0xff, 0xf3,
    0x2f, 0xff, 0xff, 0xf3, 0x2f, 0xff, 0xff, 0xf3,
    0x2f, 0xff, 0xff, 0xf3, 0x2f, 0xff, 0xff, 0xf3,
    0x2f, 0xff, 0xff, 0xf3, 0x2f, 0xff, 0xff, 0xf3,
    0x2f, 0xff, 0xff, 0xf3, 0x2f, 0xff, 0xff, 0xf3,
    0x2f, 0xff, 0xff, 0xf3, 0x2f, 0xff, 0xff, 0xf3,
    0x2f, 0xff, 0xff, 0xf3, 0x2f, 0xff, 0xff, 0xf3,

    /* U+004A "J" */
    0x0, 0x0, 0xaf, 0xff, 0xff, 0xc0, 0x0, 0xa,
    0xff, 0xff, 0xfc, 0x0, 0x0, 0xaf, 0xff, 0xff,
    0xc0, 0x0, 0xa, 0xff, 0xff, 0xfc, 0x0, 0x0,
    0xaf, 0xff, 0xff, 0xc0, 0x0, 0xa, 0xff, 0xff,
    0xfc, 0x0, 0x0, 0xaf, 0xff, 0xff, 0xc0, 0x0,
    0xa, 0xff, 0xff, 0xfc, 0x0, 0x0, 0xaf, 0xff,
    0xff, 0xc0, 0x0, 0xa, 0xff, 0xff, 0xfc, 0x0,
    0x0, 0xaf, 0xff, 0xff, 0xc0, 0x0, 0xa, 0xff,
    0xff, 0xfc, 0x0, 0x0, 0xaf, 0xff, 0xff, 0xc0,
    0x0, 0xa, 0xff, 0xff, 0xfc, 0x0, 0x0, 0xaf,
    0xff, 0xff, 0xc0, 0x0, 0xa, 0xff, 0xff, 0xfc,
    0x0, 0x0, 0xaf, 0xff, 0xff, 0xc0, 0x0, 0xa,
    0xff, 0xff, 0xfb, 0x0, 0x0, 0xaf, 0xff, 0xff,
    0xb0, 0x0, 0xa, 0xff, 0xff, 0xfa, 0x0, 0x0,
    0xbf, 0xff, 0xff, 0xa0, 0x0, 0xe, 0xff, 0xff,
    0xf9, 0x13, 0x5b, 0xff, 0xff, 0xff, 0x79, 0xff,
    0xff, 0xff, 0xff, 0xf5, 0x9f, 0xff, 0xff, 0xff,
    0xff, 0x19, 0xff, 0xff, 0xff, 0xff, 0xb0, 0x9f,
    0xff, 0xff, 0xff, 0xd1, 0x9, 0xff, 0xed, 0xc9,
    0x50, 0x0,

    /* U+004B "K" */
    0x2f, 0xff, 0xff, 0xf3, 0x0, 0x1, 0xff, 0xff,
    0xff, 0x82, 0xff, 0xff, 0xff, 0x30, 0x0, 0x6f,
    0xff, 0xff, 0xf2, 0x2f, 0xff, 0xff, 0xf3, 0x0,
    0xc, 0xff, 0xff, 0xfb, 0x2, 0xff, 0xff, 0xff,
    0x30, 0x2, 0xff, 0xff, 0xff, 0x50, 0x2f, 0xff,
    0xff, 0xf3, 0x0, 0x7f, 0xff, 0xff, 0xe0, 0x2,
    0xff, 0xff, 0xff, 0x30, 0xd, 0xff, 0xff, 0xf8,
    0x0, 0x2f, 0xff, 0xff, 0xf3, 0x3, 0xff, 0xff,
    0xff, 0x10, 0x2, 0xff, 0xff, 0xff, 0x30, 0x8f,
    0xff, 0xff, 0xa0, 0x0, 0x2f, 0xff, 0xff, 0xf3,
    0xe, 0xff, 0xff, 0xf4, 0x0, 0x2, 0xff, 0xff,
    0xff, 0x34, 0xff, 0xff, 0xfd, 0x0, 0x0, 0x2f,
    0xff, 0xff, 0xf3, 0x9f, 0xff, 0xff, 0x70, 0x0,
    0x2, 0xff, 0xff, 0xff, 0xff, 0xff, 0xff, 0xf1,
    0x0, 0x0, 0x2f, 0xff, 0xff, 0xff, 0xff, 0xff,
    0xf9, 0x0, 0x0, 0x2, 0xff, 0xff, 0xff, 0xff,
    0xff, 0xff, 0x50, 0x0, 0x0, 0x2f, 0xff, 0xff,
    0xff, 0xff, 0xff, 0xfa, 0x0, 0x0, 0x2, 0xff,
    0xff, 0xff, 0xff, 0xff, 0xff, 0xf1, 0x0, 0x0,
    0x2f, 0xff, 0xff, 0xfb, 0xef, 0xff, 0xff, 0x60,
    0x0, 0x2, 0xff, 0xff, 0xff, 0x38, 0xff, 0xff,
    0xfc, 0x0, 0x0, 0x2f, 0xff, 0xff, 0xf3, 0x3f,
    0xff, 0xff, 0xf2, 0x0, 0x2, 0xff, 0xff, 0xff,
    0x30, 0xdf, 0xff, 0xff, 0x90, 0x0, 0x2f, 0xff,
    0xff, 0xf3, 0x8, 0xff, 0xff, 0xfe, 0x0, 0x2,
    0xff, 0xff, 0xff, 0x30, 0x2f, 0xff, 0xff, 0xf5,
    0x0, 0x2f, 0xff, 0xff, 0xf3, 0x0, 0xdf, 0xff,
    0xff, 0xb0, 0x2, 0xff, 0xff, 0xff, 0x30, 0x8,
    0xff, 0xff, 0xff, 0x10, 0x2f, 0xff, 0xff, 0xf3,
    0x0, 0x2f, 0xff, 0xff, 0xf7, 0x2, 0xff, 0xff,
    0xff, 0x30, 0x0, 0xdf, 0xff, 0xff, 0xd0, 0x2f,
    0xff, 0xff, 0xf3, 0x0, 0x8, 0xff, 0xff, 0xff,
    0x42, 0xff, 0xff, 0xff, 0x30, 0x0, 0x2f, 0xff,
    0xff, 0xfa,

    /* U+004C "L" */
    0x2f, 0xff, 0xff, 0xf3, 0x0, 0x0, 0x0, 0x2f,
    0xff, 0xff, 0xf3, 0x0, 0x0, 0x0, 0x2f, 0xff,
    0xff, 0xf3, 0x0, 0x0, 0x0, 0x2f, 0xff, 0xff,
    0xf3, 0x0, 0x0, 0x0, 0x2f, 0xff, 0xff, 0xf3,
    0x0, 0x0, 0x0, 0x2f, 0xff, 0xff, 0xf3, 0x0,
    0x0, 0x0, 0x2f, 0xff, 0xff, 0xf3, 0x0, 0x0,
    0x0, 0x2f, 0xff, 0xff, 0xf3, 0x0, 0x0, 0x0,
    0x2f, 0xff, 0xff, 0xf3, 0x0, 0x0, 0x0, 0x2f,
    0xff, 0xff, 0xf3, 0x0, 0x0, 0x0, 0x2f, 0xff,
    0xff, 0xf3, 0x0, 0x0, 0x0, 0x2f, 0xff, 0xff,
    0xf3, 0x0, 0x0, 0x0, 0x2f, 0xff, 0xff, 0xf3,
    0x0, 0x0, 0x0, 0x2f, 0xff, 0xff, 0xf3, 0x0,
    0x0, 0x0, 0x2f, 0xff, 0xff, 0xf3, 0x0, 0x0,
    0x0, 0x2f, 0xff, 0xff, 0xf3, 0x0, 0x0, 0x0,
    0x2f, 0xff, 0xff, 0xf3, 0x0, 0x0, 0x0, 0x2f,
    0xff, 0xff, 0xf3, 0x0, 0x0, 0x0, 0x2f, 0xff,
    0xff, 0xf3, 0x0, 0x0, 0x0, 0x2f, 0xff, 0xff,
    0xf3, 0x0, 0x0, 0x0, 0x2f, 0xff, 0xff, 0xf3,
    0x0, 0x0, 0x0, 0x2f, 0xff, 0xff, 0xf3, 0x0,
    0x0, 0x0, 0x2f, 0xff, 0xff, 0xfc, 0xbb, 0xbb,
    0xb8, 0x2f, 0xff, 0xff, 0xff, 0xff, 0xff, 0xfc,
    0x2f, 0xff, 0xff, 0xff, 0xff, 0xff, 0xfc, 0x2f,
    0xff, 0xff, 0xff, 0xff, 0xff, 0xfc, 0x2f, 0xff,
    0xff, 0xff, 0xff, 0xff, 0xfc, 0x2f, 0xff, 0xff,
    0xff, 0xff, 0xff, 0xfc,

    /* U+004D "M" */
    0x3f, 0xff, 0xff, 0xff, 0xff, 0x70, 0x0, 0x0,
    0xcf, 0xff, 0xff, 0xff, 0xfb, 0x3f, 0xff, 0xff,
    0xff, 0xff, 0xa0, 0x0, 0x0, 0xef, 0xff, 0xff,
    0xff, 0xfb, 0x3f, 0xff, 0xff, 0xff, 0xff, 0xc0,
    0x0, 0x1, 0xff, 0xff, 0xff, 0xff, 0xfb, 0x3f,
    0xff, 0xff, 0xff, 0xff, 0xf0, 0x0, 0x3, 0xff,
    0xff, 0xff, 0xff, 0xfb, 0x3f, 0xff, 0xff, 0xff,
    0xff, 0xf1, 0x0, 0x6, 0xff, 0xff, 0xff, 0xff,
    0xfb, 0x3f, 0xff, 0xff, 0xff, 0xff, 0xf4, 0x0,
    0x8, 0xff, 0xff, 0xff, 0xff, 0xfb, 0x3f, 0xff,
    0xff, 0xff, 0xff, 0xf6, 0x0, 0xb, 0xff, 0xff,
    0xff, 0xff, 0xfb, 0x3f, 0xff, 0xff, 0xff, 0xff,
    0xf8, 0x0, 0xd, 0xff, 0xff, 0xff, 0xff, 0xfb,
    0x3f, 0xff, 0xff, 0xdd, 0xff, 0xfb, 0x0, 0xf,
    0xff, 0xfb, 0xff, 0xff, 0xfb, 0x3f, 0xff, 0xff,
    0xda, 0xff, 0xfd, 0x0, 0x2f, 0xff, 0xf7, 0xff,
    0xff, 0xfb, 0x3f, 0xff, 0xff, 0xd7, 0xff, 0xff,
    0x0, 0x4f, 0xff, 0xe6, 0xff, 0xff, 0xfb, 0x3f,
    0xff, 0xff, 0xd4, 0xff, 0xff, 0x20, 0x7f, 0xff,
    0xb6, 0xff, 0xff, 0xfb, 0x3f, 0xff, 0xff, 0xd2,
    0xff, 0xff, 0x50, 0x9f, 0xff, 0x96, 0xff, 0xff,
    0xfb, 0x3f, 0xff, 0xff, 0xd0, 0xff, 0xff, 0x70,
    0xcf, 0xff, 0x66, 0xff, 0xff, 0xfb, 0x3f, 0xff,
    0xff, 0xd0, 0xdf, 0xff, 0xa0, 0xef, 0xff, 0x46,
    0xff, 0xff, 0xfb, 0x3f, 0xff, 0xff, 0xd0, 0xaf,
    0xff, 0xc1, 0xff, 0xff, 0x16, 0xff, 0xff, 0xfb,
    0x3f, 0xff, 0xff, 0xd0, 0x8f, 0xff, 0xf3, 0xff,
    0xfe, 0x6, 0xff, 0xff, 0xfb, 0x3f, 0xff, 0xff,
    0xd0, 0x5f, 0xff, 0xf7, 0xff, 0xfc, 0x6, 0xff,
    0xff, 0xfb, 0x3f, 0xff, 0xff, 0xd0, 0x2f, 0xff,
    0xff, 0xff, 0xf9, 0x6, 0xff, 0xff, 0xfb, 0x3f,
    0xff, 0xff, 0xd0, 0xf, 0xff, 0xff, 0xff, 0xf6,
    0x6, 0xff, 0xff, 0xfb, 0x3f, 0xff, 0xff, 0xd0,
    0xd, 0xff, 0xff, 0xff, 0xf4, 0x6, 0xff, 0xff,
    0xfb, 0x3f, 0xff, 0xff, 0xd0, 0xb, 0xff, 0xff,
    0xff, 0xf1, 0x6, 0xff, 0xff, 0xfb, 0x3f, 0xff,
    0xff, 0xd0, 0x8, 0xff, 0xff, 0xff, 0xf0, 0x6,
    0xff, 0xff, 0xfb, 0x3f, 0xff, 0xff, 0xd0, 0x5,
    0xff, 0xff, 0xff, 0xc0, 0x6, 0xff, 0xff, 0xfb,
    0x3f, 0xff, 0xff, 0xd0, 0x3, 0xff, 0xff, 0xff,
    0x90, 0x6, 0xff, 0xff, 0xfb, 0x3f, 0xff, 0xff,
    0xd0, 0x0, 0xff, 0xff, 0xff, 0x70, 0x6, 0xff,
    0xff, 0xfb, 0x3f, 0xff, 0xff, 0xd0, 0x0, 0xef,
    0xff, 0xff, 0x40, 0x6, 0xff, 0xff, 0xfb, 0x3f,
    0xff, 0xff, 0xd0, 0x0, 0xbf, 0xff, 0xff, 0x20,
    0x6, 0xff, 0xff, 0xfb,

    /* U+004E "N" */
    0x3f, 0xff, 0xff, 0xf2, 0x0, 0x0, 0xff, 0xff,
    0xff, 0x23, 0xff, 0xff, 0xff, 0x80, 0x0, 0xf,
    0xff, 0xff, 0xf2, 0x3f, 0xff, 0xff, 0xfe, 0x0,
    0x0, 0xff, 0xff, 0xff, 0x23, 0xff, 0xff, 0xff,
    0xf5, 0x0, 0xf, 0xff, 0xff, 0xf2, 0x3f, 0xff,
    0xff, 0xff, 0xb0, 0x0, 0xff, 0xff, 0xff, 0x23,
    0xff, 0xff, 0xff, 0xff, 0x10, 0xf, 0xff, 0xff,
    0xf2, 0x3f, 0xff, 0xff, 0xff, 0xf8, 0x0, 0xff,
    0xff, 0xff, 0x23, 0xff, 0xff, 0xff, 0xff, 0xe0,
    0xf, 0xff, 0xff, 0xf2, 0x3f, 0xff, 0xff, 0xff,
    0xff, 0x40, 0xff, 0xff, 0xff, 0x23, 0xff, 0xff,
    0xff, 0xff, 0xfa, 0xf, 0xff, 0xff, 0xf2, 0x3f,
    0xff, 0xff, 0xff, 0xff, 0xf1, 0xff, 0xff, 0xff,
    0x23, 0xff, 0xff, 0xff, 0xff, 0xff, 0x7f, 0xff,
    0xff, 0xf2, 0x3f, 0xff, 0xff, 0xff, 0xff, 0xfe,
    0xff, 0xff, 0xff, 0x23, 0xff, 0xff, 0xff, 0xff,
    0xff, 0xff, 0xff, 0xff, 0xf2, 0x3f, 0xff, 0xff,
    0xfd, 0xff, 0xff, 0xff, 0xff, 0xff, 0x23, 0xff,
    0xff, 0xfe, 0x6f, 0xff, 0xff, 0xff, 0xff, 0xf2,
    0x3f, 0xff, 0xff, 0xe1, 0xff, 0xff, 0xff, 0xff,
    0xff, 0x23, 0xff, 0xff, 0xfe, 0xa, 0xff, 0xff,
    0xff, 0xff, 0xf2, 0x3f, 0xff, 0xff, 0xe0, 0x4f,
    0xff, 0xff, 0xff, 0xff, 0x23, 0xff, 0xff, 0xfe,
    0x0, 0xdf, 0xff, 0xff, 0xff, 0xf2, 0x3f, 0xff,
    0xff, 0xe0, 0x7, 0xff, 0xff, 0xff, 0xff, 0x23,
    0xff, 0xff, 0xfe, 0x0, 0x1f, 0xff, 0xff, 0xff,
    0xf2, 0x3f, 0xff, 0xff, 0xe0, 0x0, 0xbf, 0xff,
    0xff, 0xff, 0x23, 0xff, 0xff, 0xfe, 0x0, 0x5,
    0xff, 0xff, 0xff, 0xf2, 0x3f, 0xff, 0xff, 0xe0,
    0x0, 0xe, 0xff, 0xff, 0xff, 0x23, 0xff, 0xff,
    0xfe, 0x0, 0x0, 0x8f, 0xff, 0xff, 0xf2, 0x3f,
    0xff, 0xff, 0xe0, 0x0, 0x2, 0xff, 0xff, 0xff,
    0x23, 0xff, 0xff, 0xfe, 0x0, 0x0, 0xc, 0xff,
    0xff, 0xf2,

    /* U+004F "O" */
    0x0, 0x1, 0x6a, 0xde, 0xff, 0xfd, 0xb7, 0x20,
    0x0, 0x0, 0x5f, 0xff, 0xff, 0xff, 0xff, 0xff,
    0xf8, 0x0, 0x3, 0xff, 0xff, 0xff, 0xff, 0xff,
    0xff, 0xff, 0x70, 0xb, 0xff, 0xff, 0xff, 0xff,
    0xff, 0xff, 0xff, 0xf0, 0xf, 0xff, 0xff, 0xff,
    0xff, 0xff, 0xff, 0xff, 0xf5, 0x3f, 0xff, 0xff,
    0xfe, 0x99, 0xdf, 0xff, 0xff, 0xf8, 0x5f, 0xff,
    0xff, 0xf2, 0x0, 0xe, 0xff, 0xff, 0xfa, 0x7f,
    0xff, 0xff, 0xf0, 0x0, 0xa, 0xff, 0xff, 0xfb,
    0x8f, 0xff, 0xff, 0xe0, 0x0, 0x9, 0xff, 0xff,
    0xfc, 0x8f, 0xff, 0xff, 0xd0, 0x0, 0x9, 0xff,
    0xff, 0xfd, 0x9f, 0xff, 0xff, 0xd0, 0x0, 0x8,
    0xff, 0xff, 0xfd, 0x9f, 0xff, 0xff, 0xc0, 0x0,
    0x8, 0xff, 0xff, 0xfe, 0xaf, 0xff, 0xff, 0xc0,
    0x0, 0x8, 0xff, 0xff, 0xfe, 0xaf, 0xff, 0xff,
    0xc0, 0x0, 0x8, 0xff, 0xff, 0xfe, 0xaf, 0xff,
    0xff, 0xc0, 0x0, 0x8, 0xff, 0xff, 0xfe, 0xaf,
    0xff, 0xff, 0xc0, 0x0, 0x8, 0xff, 0xff, 0xfe,
    0x9f, 0xff, 0xff, 0xc0, 0x0, 0x8, 0xff, 0xff,
    0xfe, 0x9f, 0xff, 0xff, 0xd0, 0x0, 0x8, 0xff,
    0xff, 0xfd, 0x8f, 0xff, 0xff, 0xd0, 0x0, 0x9,
    0xff, 0xff, 0xfd, 0x8f, 0xff, 0xff, 0xe0, 0x0,
    0x9, 0xff, 0xff, 0xfc, 0x7f, 0xff, 0xff, 0xf0,
    0x0, 0xa, 0xff, 0xff, 0xfb, 0x5f, 0xff, 0xff,
    0xf2, 0x0, 0xe, 0xff, 0xff, 0xfa, 0x3f, 0xff,
    0xff, 0xfe, 0x99, 0xdf, 0xff, 0xff, 0xf8, 0xf,
    0xff, 0xff, 0xff, 0xff, 0xff, 0xff, 0xff, 0xf5,
    0xb, 0xff, 0xff, 0xff, 0xff, 0xff, 0xff, 0xff,
    0xe0, 0x3, 0xff, 0xff, 0xff, 0xff, 0xff, 0xff,
    0xff, 0x60, 0x0, 0x4e, 0xff, 0xff, 0xff, 0xff,
    0xff, 0xf7, 0x0, 0x0, 0x0, 0x6a, 0xde, 0xff,
    0xfd, 0xb7, 0x20, 0x0,

    /* U+0050 "P" */
    0x2f, 0xff, 0xff, 0xff, 0xff, 0xfe, 0xc8, 0x20,
    0x0, 0x2f, 0xff, 0xff, 0xff, 0xff, 0xff, 0xff,
    0xf5, 0x0, 0x2f, 0xff, 0xff, 0xff, 0xff, 0xff,
    0xff, 0xff, 0x30, 0x2f, 0xff, 0xff, 0xff, 0xff,
    0xff, 0xff, 0xff, 0xb0, 0x2f, 0xff, 0xff, 0xff,
    0xff, 0xff, 0xff, 0xff, 0xf0, 0x2f, 0xff, 0xff,
    0xfa, 0x89, 0xef, 0xff, 0xff, 0xf3, 0x2f, 0xff,
    0xff, 0xf3, 0x0, 0x3f, 0xff, 0xff, 0xf5, 0x2f,
    0xff, 0xff, 0xf3, 0x0, 0xf, 0xff, 0xff, 0xf6,
    0x2f, 0xff, 0xff, 0xf3, 0x0, 0xf, 0xff, 0xff,
    0xf7, 0x2f, 0xff, 0xff, 0xf3, 0x0, 0xf, 0xff,
    0xff, 0xf7, 0x2f, 0xff, 0xff, 0xf3, 0x0, 0xf,
    0xff, 0xff, 0xf7, 0x2f, 0xff, 0xff, 0xf3, 0x0,
    0xf, 0xff, 0xff, 0xf7, 0x2f, 0xff, 0xff, 0xf3,
    0x0, 0x1f, 0xff, 0xff, 0xf5, 0x2f, 0xff, 0xff,
    0xf3, 0x1, 0x8f, 0xff, 0xff, 0xf4, 0x2f, 0xff,
    0xff, 0xff, 0xff, 0xff, 0xff, 0xff, 0xf1, 0x2f,
    0xff, 0xff, 0xff, 0xff, 0xff, 0xff, 0xff, 0xd0,
    0x2f, 0xff, 0xff, 0xff, 0xff, 0xff, 0xff, 0xff,
    0x70, 0x2f, 0xff, 0xff, 0xff, 0xff, 0xff, 0xff,
    0xfc, 0x0, 0x2f, 0xff, 0xff, 0xff, 0xff, 0xff,
    0xff, 0x90, 0x0, 0x2f, 0xff, 0xff, 0xfa, 0x88,
    0x87, 0x51, 0x0, 0x0, 0x2f, 0xff, 0xff, 0xf3,
    0x0, 0x0, 0x0, 0x0, 0x0, 0x2f, 0xff, 0xff,
    0xf3, 0x0, 0x0, 0x0, 0x0, 0x0, 0x2f, 0xff,
    0xff, 0xf3, 0x0, 0x0, 0x0, 0x0, 0x0, 0x2f,
    0xff, 0xff, 0xf3, 0x0, 0x0, 0x0, 0x0, 0x0,
    0x2f, 0xff, 0xff, 0xf3, 0x0, 0x0, 0x0, 0x0,
    0x0, 0x2f, 0xff, 0xff, 0xf3, 0x0, 0x0, 0x0,
    0x0, 0x0, 0x2f, 0xff, 0xff, 0xf3, 0x0, 0x0,
    0x0, 0x0, 0x0, 0x2f, 0xff, 0xff, 0xf3, 0x0,
    0x0, 0x0, 0x0, 0x0,

    /* U+0051 "Q" */
    0x0, 0x1, 0x6a, 0xde, 0xff, 0xfd, 0xb7, 0x20,
    0x0, 0x0, 0x0, 0x5f, 0xff, 0xff, 0xff, 0xff,
    0xff, 0xf7, 0x0, 0x0, 0x3, 0xff, 0xff, 0xff,
    0xff, 0xff, 0xff, 0xff, 0x60, 0x0, 0xb, 0xff,
    0xff, 0xff, 0xff, 0xff, 0xff, 0xff, 0xe0, 0x0,
    0xf, 0xff, 0xff, 0xff, 0xff, 0xff, 0xff, 0xff,
    0xf4, 0x0, 0x3f, 0xff, 0xff, 0xfd, 0x98, 0xcf,
    0xff, 0xff, 0xf7, 0x0, 0x5f, 0xff, 0xff, 0xf2,
    0x0, 0xe, 0xff, 0xff, 0xf9, 0x0, 0x7f, 0xff,
    0xff, 0xe0, 0x0, 0xa, 0xff, 0xff, 0xfa, 0x0,
    0x8f, 0xff, 0xff, 0xd0, 0x0, 0x9, 0xff, 0xff,
    0xfc, 0x0, 0x8f, 0xff, 0xff, 0xc0, 0x0, 0x9,
    0xff, 0xff, 0xfc, 0x0, 0x9f, 0xff, 0xff, 0xc0,
    0x0, 0x8, 0xff, 0xff, 0xfd, 0x0, 0x9f, 0xff,
    0xff, 0xc0, 0x0, 0x8, 0xff, 0xff, 0xfd, 0x0,
    0xaf, 0xff, 0xff, 0xc0, 0x0, 0x8, 0xff, 0xff,
    0xfd, 0x0, 0xaf, 0xff, 0xff, 0xc0, 0x0, 0x8,
    0xff, 0xff, 0xfd, 0x0, 0xaf, 0xff, 0xff, 0xc0,
    0x0, 0x8, 0xff, 0xff, 0xfd, 0x0, 0xaf, 0xff,
    0xff, 0xc0, 0x0, 0x8, 0xff, 0xff, 0xfd, 0x0,
    0x9f, 0xff, 0xff, 0xc0, 0x0, 0x8, 0xff, 0xff,
    0xfd, 0x0, 0x9f, 0xff, 0xff, 0xc0, 0x0, 0x8,
    0xff, 0xff, 0xfd, 0x0, 0x8f, 0xff, 0xff, 0xc0,
    0x0, 0x9, 0xff, 0xff, 0xfc, 0x0, 0x8f, 0xff,
    0xff, 0xd0, 0x0, 0x9, 0xff, 0xff, 0xfb, 0x0,
    0x7f, 0xff, 0xff, 0xe0, 0x0, 0xa, 0xff, 0xff,
    0xfa, 0x0, 0x5f, 0xff, 0xff, 0xf2, 0x0, 0xe,
    0xff, 0xff, 0xf9, 0x0, 0x3f, 0xff, 0xff, 0xfd,
    0x98, 0xcf, 0xff, 0xff, 0xf6, 0x0, 0x1f, 0xff,
    0xff, 0xff, 0xff, 0xff, 0xff, 0xff, 0xf2, 0x0,
    0xb, 0xff, 0xff, 0xff, 0xff, 0xff, 0xff, 0xff,
    0xc0, 0x0, 0x3, 0xff, 0xff, 0xff, 0xff, 0xff,
    0xff, 0xff, 0x30, 0x0, 0x0, 0x5f, 0xff, 0xff,
    0xff, 0xff, 0xff, 0xff, 0x20, 0x0, 0x0, 0x1,
    0x6a, 0xdf, 0xff, 0xff, 0xff, 0xff, 0xb0, 0x0,
    0x0, 0x0, 0x0, 0x0, 0x0, 0x4f, 0xff, 0xff,
    0xf5, 0x0, 0x0, 0x0, 0x0, 0x0, 0x0, 0xa,
    0xff, 0xff, 0xfe, 0x10, 0x0, 0x0, 0x0, 0x0,
    0x0, 0x1, 0xef, 0xff, 0xff, 0x90, 0x0, 0x0,
    0x0, 0x0, 0x0, 0x0, 0x6f, 0xff, 0xff, 0xf3,

    /* U+0052 "R" */
    0x2f, 0xff, 0xff, 0xff, 0xff, 0xff, 0xda, 0x40,
    0x0, 0x2, 0xff, 0xff, 0xff, 0xff, 0xff, 0xff,
    0xff, 0xa0, 0x0, 0x2f, 0xff, 0xff, 0xff, 0xff,
    0xff, 0xff, 0xff, 0x80, 0x2, 0xff, 0xff, 0xff,
    0xff, 0xff, 0xff, 0xff, 0xff, 0x0, 0x2f, 0xff,
    0xff, 0xff, 0xff, 0xff, 0xff, 0xff, 0xf4, 0x2,
    0xff, 0xff, 0xff, 0xa8, 0x8c, 0xff, 0xff, 0xff,
    0x70, 0x2f, 0xff, 0xff, 0xf3, 0x0, 0xe, 0xff,
    0xff, 0xf9, 0x2, 0xff, 0xff, 0xff, 0x30, 0x0,
    0xcf, 0xff, 0xff, 0xa0, 0x2f, 0xff, 0xff, 0xf3,
    0x0, 0xb, 0xff, 0xff, 0xfa, 0x2, 0xff, 0xff,
    0xff, 0x30, 0x0, 0xbf, 0xff, 0xff, 0xa0, 0x2f,
    0xff, 0xff, 0xf3, 0x0, 0xb, 0xff, 0xff, 0xfa,
    0x2, 0xff, 0xff, 0xff, 0x30, 0x0, 0xdf, 0xff,
    0xff, 0x90, 0x2f, 0xff, 0xff, 0xf3, 0x0, 0x4f,
    0xff, 0xff, 0xf7, 0x2, 0xff, 0xff, 0xff, 0xff,
    0xff, 0xff, 0xff, 0xff, 0x50, 0x2f, 0xff, 0xff,
    0xff, 0xff, 0xff, 0xff, 0xff, 0xf1, 0x2, 0xff,
    0xff, 0xff, 0xff, 0xff, 0xff, 0xff, 0xfa, 0x0,
    0x2f, 0xff, 0xff, 0xff, 0xff, 0xff, 0xff, 0xfd,
    0x10, 0x2, 0xff, 0xff, 0xff, 0xff, 0xff, 0xff,
    0xff, 0x40, 0x0, 0x2f, 0xff, 0xff, 0xf8, 0x6c,
    0xff, 0xff, 0xf8, 0x0, 0x2, 0xff, 0xff, 0xff,
    0x30, 0x7f, 0xff, 0xff, 0xd0, 0x0, 0x2f, 0xff,
    0xff, 0xf3, 0x2, 0xff, 0xff, 0xff, 0x20, 0x2,
    0xff, 0xff, 0xff, 0x30, 0xe, 0xff, 0xff, 0xf6,
    0x0, 0x2f, 0xff, 0xff, 0xf3, 0x0, 0xaf, 0xff,
    0xff, 0xb0, 0x2, 0xff, 0xff, 0xff, 0x30, 0x6,
    0xff, 0xff, 0xff, 0x0, 0x2f, 0xff, 0xff, 0xf3,
    0x0, 0x2f, 0xff, 0xff, 0xf4, 0x2, 0xff, 0xff,
    0xff, 0x30, 0x0, 0xef, 0xff, 0xff, 0x90, 0x2f,
    0xff, 0xff, 0xf3, 0x0, 0xa, 0xff, 0xff, 0xfd,
    0x2, 0xff, 0xff, 0xff, 0x30, 0x0, 0x6f, 0xff,
    0xff, 0xf2,

    /* U+0053 "S" */
    0x0, 0x3, 0x8c, 0xef, 0xfe, 0xdc, 0xa7, 0x40,
    0x0, 0x9f, 0xff, 0xff, 0xff, 0xff, 0xff, 0xd0,
    0x8, 0xff, 0xff, 0xff, 0xff, 0xff, 0xff, 0xd0,
    0x2f, 0xff, 0xff, 0xff, 0xff, 0xff, 0xff, 0xd0,
    0x7f, 0xff, 0xff, 0xff, 0xff, 0xff, 0xff, 0xd0,
    0xbf, 0xff, 0xff, 0xfc, 0x99, 0x99, 0xab, 0xa0,
    0xdf, 0xff, 0xff, 0xa0, 0x0, 0x0, 0x0, 0x0,
    0xef, 0xff, 0xff, 0x70, 0x0, 0x0, 0x0, 0x0,
    0xff, 0xff, 0xff, 0x70, 0x0, 0x0, 0x0, 0x0,
    0xef, 0xff, 0xff, 0x80, 0x0, 0x0, 0x0, 0x0,
    0xdf, 0xff, 0xff, 0xe4, 0x10, 0x0, 0x0, 0x0,
    0xbf, 0xff, 0xff, 0xff, 0xfe, 0xb8, 0x30, 0x0,
    0x9f, 0xff, 0xff, 0xff, 0xff, 0xff, 0xfc, 0x10,
    0x4f, 0xff, 0xff, 0xff, 0xff, 0xff, 0xff, 0xc0,
    0xc, 0xff, 0xff, 0xff, 0xff, 0xff, 0xff, 0xf3,
    0x1, 0xaf, 0xff, 0xff, 0xff, 0xff, 0xff, 0xf8,
    0x0, 0x0, 0x25, 0x8b, 0xff, 0xff, 0xff, 0xfb,
    0x0, 0x0, 0x0, 0x0, 0x1e, 0xff, 0xff, 0xfc,
    0x0, 0x0, 0x0, 0x0, 0xa, 0xff, 0xff, 0xfd,
    0x0, 0x0, 0x0, 0x0, 0x9, 0xff, 0xff, 0xfd,
    0x0, 0x0, 0x0, 0x0, 0x9, 0xff, 0xff, 0xfc,
    0x0, 0x0, 0x0, 0x0, 0xd, 0xff, 0xff, 0xfb,
    0x5c, 0xba, 0x99, 0x99, 0xcf, 0xff, 0xff, 0xf9,
    0x7f, 0xff, 0xff, 0xff, 0xff, 0xff, 0xff, 0xf5,
    0x7f, 0xff, 0xff, 0xff, 0xff, 0xff, 0xff, 0xf0,
    0x7f, 0xff, 0xff, 0xff, 0xff, 0xff, 0xff, 0x70,
    0x7f, 0xff, 0xff, 0xff, 0xff, 0xff, 0xf9, 0x0,
    0x27, 0x9b, 0xde, 0xef, 0xfe, 0xd9, 0x40, 0x0,

    /* U+0054 "T" */
    0xbf, 0xff, 0xff, 0xff, 0xff, 0xff, 0xff, 0xff,
    0xbb, 0xff, 0xff, 0xff, 0xff, 0xff, 0xff, 0xff,
    0xfb, 0xbf, 0xff, 0xff, 0xff, 0xff, 0xff, 0xff,
    0xff, 0xbb, 0xff, 0xff, 0xff, 0xff, 0xff, 0xff,
    0xff, 0xfb, 0xbf, 0xff, 0xff, 0xff, 0xff, 0xff,
    0xff, 0xff, 0xb7, 0xbb, 0xbb, 0xef, 0xff, 0xff,
    0xeb, 0xbb, 0xb7, 0x0, 0x0, 0xb, 0xff, 0xff,
    0xfb, 0x0, 0x0, 0x0, 0x0, 0x0, 0xbf, 0xff,
    0xff, 0xb0, 0x0, 0x0, 0x0, 0x0, 0xb, 0xff,
    0xff, 0xfb, 0x0, 0x0, 0x0, 0x0, 0x0, 0xbf,
    0xff, 0xff, 0xb0, 0x0, 0x0, 0x0, 0x0, 0xb,
    0xff, 0xff, 0xfb, 0x0, 0x0, 0x0, 0x0, 0x0,
    0xbf, 0xff, 0xff, 0xb0, 0x0, 0x0, 0x0, 0x0,
    0xb, 0xff, 0xff, 0xfb, 0x0, 0x0, 0x0, 0x0,
    0x0, 0xbf, 0xff, 0xff, 0xb0, 0x0, 0x0, 0x0,
    0x0, 0xb, 0xff, 0xff, 0xfb, 0x0, 0x0, 0x0,
    0x0, 0x0, 0xbf, 0xff, 0xff, 0xb0, 0x0, 0x0,
    0x0, 0x0, 0xb, 0xff, 0xff, 0xfb, 0x0, 0x0,
    0x0, 0x0, 0x0, 0xbf, 0xff, 0xff, 0xb0, 0x0,
    0x0, 0x0, 0x0, 0xb, 0xff, 0xff, 0xfb, 0x0,
    0x0, 0x0, 0x0, 0x0, 0xbf, 0xff, 0xff, 0xb0,
    0x0, 0x0, 0x0, 0x0, 0xb, 0xff, 0xff, 0xfb,
    0x0, 0x0, 0x0, 0x0, 0x0, 0xbf, 0xff, 0xff,
    0xb0, 0x0, 0x0, 0x0, 0x0, 0xb, 0xff, 0xff,
    0xfb, 0x0, 0x0, 0x0, 0x0, 0x0, 0xbf, 0xff,
    0xff, 0xb0, 0x0, 0x0, 0x0, 0x0, 0xb, 0xff,
    0xff, 0xfb, 0x0, 0x0, 0x0, 0x0, 0x0, 0xbf,
    0xff, 0xff, 0xb0, 0x0, 0x0, 0x0, 0x0, 0xb,
    0xff, 0xff, 0xfb, 0x0, 0x0, 0x0, 0x0, 0x0,
    0xbf, 0xff, 0xff, 0xb0, 0x0, 0x0,

    /* U+0055 "U" */
    0x5f, 0xff, 0xff, 0xf1, 0x0, 0xe, 0xff, 0xff,
    0xf8, 0x5f, 0xff, 0xff, 0xf1, 0x0, 0xe, 0xff,
    0xff, 0xf8, 0x5f, 0xff, 0xff, 0xf1, 0x0, 0xe,
    0xff, 0xff, 0xf8, 0x5f, 0xff, 0xff, 0xf1, 0x0,
    0xe, 0xff, 0xff, 0xf8, 0x5f, 0xff, 0xff, 0xf1,
    0x0, 0xe, 0xff, 0xff, 0xf8, 0x5f, 0xff, 0xff,
    0xf1, 0x0, 0xe, 0xff, 0xff, 0xf8, 0x5f, 0xff,
    0xff, 0xf1, 0x0, 0xe, 0xff, 0xff, 0xf8, 0x5f,
    0xff, 0xff, 0xf1, 0x0, 0xe, 0xff, 0xff, 0xf8,
    0x5f, 0xff, 0xff, 0xf1, 0x0, 0xe, 0xff, 0xff,
    0xf8, 0x5f, 0xff, 0xff, 0xf1, 0x0, 0xe, 0xff,
    0xff, 0xf8, 0x5f, 0xff, 0xff, 0xf1, 0x0, 0xe,
    0xff, 0xff, 0xf8, 0x5f, 0xff, 0xff, 0xf1, 0x0,
    0xe, 0xff, 0xff, 0xf8, 0x5f, 0xff, 0xff, 0xf1,
    0x0, 0xe, 0xff, 0xff, 0xf8, 0x5f, 0xff, 0xff,
    0xf1, 0x0, 0xe, 0xff, 0xff, 0xf8, 0x5f, 0xff,
    0xff, 0xf1, 0x0, 0xe, 0xff, 0xff, 0xf8, 0x4f,
    0xff, 0xff, 0xf1, 0x0, 0xe, 0xff, 0xff, 0xf8,
    0x4f, 0xff, 0xff, 0xf1, 0x0, 0xe, 0xff, 0xff,
    0xf8, 0x4f, 0xff, 0xff, 0xf1, 0x0, 0xe, 0xff,
    0xff, 0xf7, 0x4f, 0xff, 0xff, 0xf1, 0x0, 0xe,
    0xff, 0xff, 0xf7, 0x3f, 0xff, 0xff, 0xf1, 0x0,
    0xe, 0xff, 0xff, 0xf6, 0x2f, 0xff, 0xff, 0xf2,
    0x0, 0xf, 0xff, 0xff, 0xf5, 0x1f, 0xff, 0xff,
    0xf4, 0x0, 0x1f, 0xff, 0xff, 0xf4, 0xf, 0xff,
    0xff, 0xfe, 0x98, 0xdf, 0xff, 0xff, 0xf2, 0xd,
    0xff, 0xff, 0xff, 0xff, 0xff, 0xff, 0xff, 0xf0,
    0x8, 0xff, 0xff, 0xff, 0xff, 0xff, 0xff, 0xff,
    0xb0, 0x1, 0xef, 0xff, 0xff, 0xff, 0xff, 0xff,
    0xff, 0x30, 0x0, 0x3e, 0xff, 0xff, 0xff, 0xff,
    0xff, 0xf5, 0x0, 0x0, 0x0, 0x6a, 0xdf, 0xff,
    0xfd, 0xb7, 0x10, 0x0,

    /* U+0056 "V" */
    0x9f, 0xff, 0xff, 0xd0, 0x0, 0x0, 0x1f, 0xff,
    0xff, 0xf4, 0x6f, 0xff, 0xff, 0xf0, 0x0, 0x0,
    0x3f, 0xff, 0xff, 0xf1, 0x4f, 0xff, 0xff, 0xf2,
    0x0, 0x0, 0x5f, 0xff, 0xff, 0xe0, 0x1f, 0xff,
    0xff, 0xf4, 0x0, 0x0, 0x7f, 0xff, 0xff, 0xb0,
    0xe, 0xff, 0xff, 0xf6, 0x0, 0x0, 0x9f, 0xff,
    0xff, 0x90, 0xb, 0xff, 0xff, 0xf8, 0x0, 0x0,
    0xbf, 0xff, 0xff, 0x60, 0x8, 0xff, 0xff, 0xfb,
    0x0, 0x0, 0xdf, 0xff, 0xff, 0x30, 0x6, 0xff,
    0xff, 0xfd, 0x0, 0x0, 0xff, 0xff, 0xff, 0x0,
    0x3, 0xff, 0xff, 0xff, 0x0, 0x2, 0xff, 0xff,
    0xfe, 0x0, 0x0, 0xff, 0xff, 0xff, 0x10, 0x4,
    0xff, 0xff, 0xfb, 0x0, 0x0, 0xdf, 0xff, 0xff,
    0x40, 0x6, 0xff, 0xff, 0xf8, 0x0, 0x0, 0xaf,
    0xff, 0xff, 0x60, 0x8, 0xff, 0xff, 0xf5, 0x0,
    0x0, 0x8f, 0xff, 0xff, 0x80, 0xa, 0xff, 0xff,
    0xf2, 0x0, 0x0, 0x5f, 0xff, 0xff, 0xa0, 0xc,
    0xff, 0xff, 0xf0, 0x0, 0x0, 0x2f, 0xff, 0xff,
    0xd0, 0xe, 0xff, 0xff, 0xd0, 0x0, 0x0, 0xf,
    0xff, 0xff, 0xf0, 0x1f, 0xff, 0xff, 0xa0, 0x0,
    0x0, 0xc, 0xff, 0xff, 0xf1, 0x3f, 0xff, 0xff,
    0x70, 0x0, 0x0, 0xa, 0xff, 0xff, 0xf3, 0x5f,
    0xff, 0xff, 0x40, 0x0, 0x0, 0x7, 0xff, 0xff,
    0xf5, 0x7f, 0xff, 0xff, 0x20, 0x0, 0x0, 0x4,
    0xff, 0xff, 0xf8, 0x9f, 0xff, 0xff, 0x0, 0x0,
    0x0, 0x1, 0xff, 0xff, 0xfa, 0xbf, 0xff, 0xfc,
    0x0, 0x0, 0x0, 0x0, 0xef, 0xff, 0xfe, 0xff,
    0xff, 0xf9, 0x0, 0x0, 0x0, 0x0, 0xcf, 0xff,
    0xff, 0xff, 0xff, 0xf7, 0x0, 0x0, 0x0, 0x0,
    0x9f, 0xff, 0xff, 0xff, 0xff, 0xf4, 0x0, 0x0,
    0x0, 0x0, 0x6f, 0xff, 0xff, 0xff, 0xff, 0xf1,
    0x0, 0x0, 0x0, 0x0, 0x3f, 0xff, 0xff, 0xff,
    0xff, 0xe0, 0x0, 0x0, 0x0, 0x0, 0xf, 0xff,
    0xff, 0xff, 0xff, 0xb0, 0x0, 0x0, 0x0, 0x0,
    0xe, 0xff, 0xff, 0xff, 0xff, 0x90, 0x0, 0x0,

    /* U+0057 "W" */
    0x6f, 0xff, 0xff, 0xf0, 0x0, 0x3, 0xff, 0xff,
    0xff, 0xf4, 0x0, 0x0, 0xff, 0xff, 0xff, 0x33,
    0xff, 0xff, 0xff, 0x20, 0x0, 0x5f, 0xff, 0xff,
    0xff, 0x60, 0x0, 0x1f, 0xff, 0xff, 0xf1, 0x1f,
    0xff, 0xff, 0xf3, 0x0, 0x7, 0xff, 0xff, 0xff,
    0xf8, 0x0, 0x3, 0xff, 0xff, 0xff, 0x0, 0xff,
    0xff, 0xff, 0x40, 0x0, 0x9f, 0xff, 0xff, 0xff,
    0xb0, 0x0, 0x4f, 0xff, 0xff, 0xd0, 0xd, 0xff,
    0xff, 0xf6, 0x0, 0xb, 0xff, 0xff, 0xff, 0xfd,
    0x0, 0x5, 0xff, 0xff, 0xfb, 0x0, 0xbf, 0xff,
    0xff, 0x70, 0x0, 0xdf, 0xff, 0xff, 0xff, 0xf0,
    0x0, 0x7f, 0xff, 0xff, 0x90, 0x9, 0xff, 0xff,
    0xf9, 0x0, 0xf, 0xff, 0xff, 0xff, 0xff, 0x10,
    0x8, 0xff, 0xff, 0xf7, 0x0, 0x7f, 0xff, 0xff,
    0xa0, 0x1, 0xff, 0xff, 0xff, 0xff, 0xf3, 0x0,
    0x9f, 0xff, 0xff, 0x50, 0x5, 0xff, 0xff, 0xfb,
    0x0, 0x3f, 0xff, 0xff, 0xff, 0xff, 0x50, 0xa,
    0xff, 0xff, 0xf3, 0x0, 0x3f, 0xff, 0xff, 0xd0,
    0x5, 0xff, 0xff, 0xef, 0xff, 0xf7, 0x0, 0xcf,
    0xff, 0xff, 0x10, 0x1, 0xff, 0xff, 0xfe, 0x0,
    0x7f, 0xff, 0xf8, 0xff, 0xff, 0x90, 0xd, 0xff,
    0xff, 0xe0, 0x0, 0xf, 0xff, 0xff, 0xf0, 0x9,
    0xff, 0xff, 0x4f, 0xff, 0xfb, 0x0, 0xef, 0xff,
    0xfc, 0x0, 0x0, 0xdf, 0xff, 0xff, 0x10, 0xbf,
    0xff, 0xe1, 0xff, 0xff, 0xd0, 0xf, 0xff, 0xff,
    0xa0, 0x0, 0xa, 0xff, 0xff, 0xf2, 0xd, 0xff,
    0xfc, 0xf, 0xff, 0xff, 0x1, 0xff, 0xff, 0xf8,
    0x0, 0x0, 0x8f, 0xff, 0xff, 0x40, 0xff, 0xff,
    0xa0, 0xdf, 0xff, 0xf2, 0x2f, 0xff, 0xff, 0x60,
    0x0, 0x6, 0xff, 0xff, 0xf5, 0x2f, 0xff, 0xf8,
    0xb, 0xff, 0xff, 0x43, 0xff, 0xff, 0xf4, 0x0,
    0x0, 0x4f, 0xff, 0xff, 0x64, 0xff, 0xff, 0x60,
    0x9f, 0xff, 0xf6, 0x5f, 0xff, 0xff, 0x20, 0x0,
    0x2, 0xff, 0xff, 0xf8, 0x6f, 0xff, 0xf4, 0x6,
    0xff, 0xff, 0x86, 0xff, 0xff, 0xf0, 0x0, 0x0,
    0xf, 0xff, 0xff, 0x98, 0xff, 0xff, 0x20, 0x4f,
    0xff, 0xfa, 0x7f, 0xff, 0xfe, 0x0, 0x0, 0x0,
    0xef, 0xff, 0xfb, 0xaf, 0xff, 0xf0, 0x2, 0xff,
    0xff, 0xc8, 0xff, 0xff, 0xc0, 0x0, 0x0, 0xc,
    0xff, 0xff, 0xcc, 0xff, 0xfe, 0x0, 0xf, 0xff,
    0xfe, 0xaf, 0xff, 0xf9, 0x0, 0x0, 0x0, 0xaf,
    0xff, 0xff, 0xff, 0xff, 0xc0, 0x0, 0xef, 0xff,
    0xff, 0xff, 0xff, 0x70, 0x0, 0x0, 0x8, 0xff,
    0xff, 0xff, 0xff, 0xfa, 0x0, 0xc, 0xff, 0xff,
    0xff, 0xff, 0xf5, 0x0, 0x0, 0x0, 0x6f, 0xff,
    0xff, 0xff, 0xff, 0x80, 0x0, 0xaf, 0xff, 0xff,
    0xff, 0xff, 0x30, 0x0, 0x0, 0x4, 0xff, 0xff,
    0xff, 0xff, 0xf6, 0x0, 0x8, 0xff, 0xff, 0xff,
    0xff, 0xf1, 0x0, 0x0, 0x0, 0x1f, 0xff, 0xff,
    0xff, 0xff, 0x40, 0x0, 0x6f, 0xff, 0xff, 0xff,
    0xff, 0x0, 0x0, 0x0, 0x0, 0xff, 0xff, 0xff,
    0xff, 0xf2, 0x0, 0x4, 0xff, 0xff, 0xff, 0xff,
    0xd0, 0x0, 0x0, 0x0, 0xd, 0xff, 0xff, 0xff,
    0xff, 0x0, 0x0, 0x2f, 0xff, 0xff, 0xff, 0xfb,
    0x0, 0x0,

    /* U+0058 "X" */
    0x6f, 0xff, 0xff, 0xf7, 0x0, 0x0, 0xd, 0xff,
    0xff, 0xfc, 0x0, 0xff, 0xff, 0xff, 0xc0, 0x0,
    0x2, 0xff, 0xff, 0xff, 0x60, 0x9, 0xff, 0xff,
    0xff, 0x10, 0x0, 0x7f, 0xff, 0xff, 0xf0, 0x0,
    0x3f, 0xff, 0xff, 0xf6, 0x0, 0xc, 0xff, 0xff,
    0xf9, 0x0, 0x0, 0xdf, 0xff, 0xff, 0xb0, 0x1,
    0xff, 0xff, 0xff, 0x30, 0x0, 0x7, 0xff, 0xff,
    0xff, 0x0, 0x6f, 0xff, 0xff, 0xd0, 0x0, 0x0,
    0x1f, 0xff, 0xff, 0xf5, 0xb, 0xff, 0xff, 0xf7,
    0x0, 0x0, 0x0, 0xbf, 0xff, 0xff, 0xa1, 0xff,
    0xff, 0xff, 0x10, 0x0, 0x0, 0x5, 0xff, 0xff,
    0xfe, 0x6f, 0xff, 0xff, 0xb0, 0x0, 0x0, 0x0,
    0xe, 0xff, 0xff, 0xff, 0xff, 0xff, 0xf5, 0x0,
    0x0, 0x0, 0x0, 0x8f, 0xff, 0xff, 0xff, 0xff,
    0xfe, 0x0, 0x0, 0x0, 0x0, 0x2, 0xff, 0xff,
    0xff, 0xff, 0xff, 0x80, 0x0, 0x0, 0x0, 0x0,
    0xc, 0xff, 0xff, 0xff, 0xff, 0xf2, 0x0, 0x0,
    0x0, 0x0, 0x0, 0x6f, 0xff, 0xff, 0xff, 0xfc,
    0x0, 0x0, 0x0, 0x0, 0x0, 0x7, 0xff, 0xff,
    0xff, 0xff, 0xe0, 0x0, 0x0, 0x0, 0x0, 0x0,
    0xdf, 0xff, 0xff, 0xff, 0xff, 0x50, 0x0, 0x0,
    0x0, 0x0, 0x3f, 0xff, 0xff, 0xff, 0xff, 0xfb,
    0x0, 0x0, 0x0, 0x0, 0x9, 0xff, 0xff, 0xff,
    0xff, 0xff, 0xf1, 0x0, 0x0, 0x0, 0x0, 0xff,
    0xff, 0xfe, 0xdf, 0xff, 0xff, 0x70, 0x0, 0x0,
    0x0, 0x6f, 0xff, 0xff, 0x96, 0xff, 0xff, 0xfd,
    0x0, 0x0, 0x0, 0xc, 0xff, 0xff, 0xf4, 0x1f,
    0xff, 0xff, 0xf3, 0x0, 0x0, 0x2, 0xff, 0xff,
    0xff, 0x0, 0xdf, 0xff, 0xff, 0x90, 0x0, 0x0,
    0x8f, 0xff, 0xff, 0xb0, 0x8, 0xff, 0xff, 0xff,
    0x0, 0x0, 0xe, 0xff, 0xff, 0xf6, 0x0, 0x3f,
    0xff, 0xff, 0xf5, 0x0, 0x4, 0xff, 0xff, 0xff,
    0x10, 0x0, 0xef, 0xff, 0xff, 0xc0, 0x0, 0xaf,
    0xff, 0xff, 0xc0, 0x0, 0x9, 0xff, 0xff, 0xff,
    0x20, 0x1f, 0xff, 0xff, 0xf7, 0x0, 0x0, 0x4f,
    0xff, 0xff, 0xf8, 0x7, 0xff, 0xff, 0xff, 0x20,
    0x0, 0x0, 0xff, 0xff, 0xff, 0xe0,

    /* U+0059 "Y" */
    0xd, 0xff, 0xff, 0xf9, 0x0, 0x0, 0x5, 0xff,
    0xff, 0xfe, 0x0, 0x8f, 0xff, 0xff, 0xd0, 0x0,
    0x0, 0x9f, 0xff, 0xff, 0x90, 0x3, 0xff, 0xff,
    0xff, 0x10, 0x0, 0xd, 0xff, 0xff, 0xf3, 0x0,
    0xd, 0xff, 0xff, 0xf5, 0x0, 0x1, 0xff, 0xff,
    0xfd, 0x0, 0x0, 0x8f, 0xff, 0xff, 0x90, 0x0,
    0x5f, 0xff, 0xff, 0x80, 0x0, 0x2, 0xff, 0xff,
    0xfd, 0x0, 0x9, 0xff, 0xff, 0xf3, 0x0, 0x0,
    0xd, 0xff, 0xff, 0xf1, 0x0, 0xdf, 0xff, 0xfd,
    0x0, 0x0, 0x0, 0x7f, 0xff, 0xff, 0x60, 0x1f,
    0xff, 0xff, 0x80, 0x0, 0x0, 0x2, 0xff, 0xff,
    0xfa, 0x5, 0xff, 0xff, 0xf2, 0x0, 0x0, 0x0,
    0xc, 0xff, 0xff, 0xe0, 0x9f, 0xff, 0xfd, 0x0,
    0x0, 0x0, 0x0, 0x7f, 0xff, 0xff, 0x2d, 0xff,
    0xff, 0x70, 0x0, 0x0, 0x0, 0x1, 0xff, 0xff,
    0xf8, 0xff, 0xff, 0xf2, 0x0, 0x0, 0x0, 0x0,
    0xc, 0xff, 0xff, 0xff, 0xff, 0xfc, 0x0, 0x0,
    0x0, 0x0, 0x0, 0x6f, 0xff, 0xff, 0xff, 0xff,
    0x70, 0x0, 0x0, 0x0, 0x0, 0x1, 0xff, 0xff,
    0xff, 0xff, 0xf1, 0x0, 0x0, 0x0, 0x0, 0x0,
    0xb, 0xff, 0xff, 0xff, 0xfc, 0x0, 0x0, 0x0,
    0x0, 0x0, 0x0, 0x6f, 0xff, 0xff, 0xff, 0x60,
    0x0, 0x0, 0x0, 0x0, 0x0, 0x1, 0xff, 0xff,
    0xff, 0xf1, 0x0, 0x0, 0x0, 0x0, 0x0, 0x0,
    0xb, 0xff, 0xff, 0xfc, 0x0, 0x0, 0x0, 0x0,
    0x0, 0x0, 0x0, 0xbf, 0xff, 0xff, 0xb0, 0x0,
    0x0, 0x0, 0x0, 0x0, 0x0, 0xb, 0xff, 0xff,
    0xfb, 0x0, 0x0, 0x0, 0x0, 0x0, 0x0, 0x0,
    0xbf, 0xff, 0xff, 0xb0, 0x0, 0x0, 0x0, 0x0,
    0x0, 0x0, 0xb, 0xff, 0xff, 0xfb, 0x0, 0x0,
    0x0, 0x0, 0x0, 0x0, 0x0, 0xbf, 0xff, 0xff,
    0xb0, 0x0, 0x0, 0x0, 0x0, 0x0, 0x0, 0xb,
    0xff, 0xff, 0xfb, 0x0, 0x0, 0x0, 0x0, 0x0,
    0x0, 0x0, 0xbf, 0xff, 0xff, 0xb0, 0x0, 0x0,
    0x0, 0x0, 0x0, 0x0, 0xb, 0xff, 0xff, 0xfb,
    0x0, 0x0, 0x0, 0x0, 0x0, 0x0, 0x0, 0xbf,
    0xff, 0xff, 0xb0, 0x0, 0x0, 0x0,

    /* U+005A "Z" */
    0x8f, 0xff, 0xff, 0xff, 0xff, 0xff, 0xff, 0xf9,
    0x8f, 0xff, 0xff, 0xff, 0xff, 0xff, 0xff, 0xf9,
    0x8f, 0xff, 0xff, 0xff, 0xff, 0xff, 0xff, 0xf9,
    0x8f, 0xff, 0xff, 0xff, 0xff, 0xff, 0xff, 0xf9,
    0x8f, 0xff, 0xff, 0xff, 0xff, 0xff, 0xff, 0xf9,
    0x48, 0x88, 0x88, 0x88, 0xdf, 0xff, 0xff, 0xf6,
    0x0, 0x0, 0x0, 0x1, 0xff, 0xff, 0xff, 0xe0,
    0x0, 0x0, 0x0, 0x8, 0xff, 0xff, 0xff, 0x70,
    0x0, 0x0, 0x0, 0xf, 0xff, 0xff, 0xff, 0x0,
    0x0, 0x0, 0x0, 0x7f, 0xff, 0xff, 0xf8, 0x0,
    0x0, 0x0, 0x0, 0xef, 0xff, 0xff, 0xf1, 0x0,
    0x0, 0x0, 0x6, 0xff, 0xff, 0xff, 0x90, 0x0,
    0x0, 0x0, 0xe, 0xff, 0xff, 0xff, 0x10, 0x0,
    0x0, 0x0, 0x6f, 0xff, 0xff, 0xf9, 0x0, 0x0,
    0x0, 0x0, 0xdf, 0xff, 0xff, 0xf2, 0x0, 0x0,
    0x0, 0x5, 0xff, 0xff, 0xff, 0xa0, 0x0, 0x0,
    0x0, 0xc, 0xff, 0xff, 0xff, 0x30, 0x0, 0x0,
    0x0, 0x4f, 0xff, 0xff, 0xfb, 0x0, 0x0, 0x0,
    0x0, 0xcf, 0xff, 0xff, 0xf4, 0x0, 0x0, 0x0,
    0x3, 0xff, 0xff, 0xff, 0xc0, 0x0, 0x0, 0x0,
    0xb, 0xff, 0xff, 0xff, 0x40, 0x0, 0x0, 0x0,
    0x3f, 0xff, 0xff, 0xfd, 0x0, 0x0, 0x0, 0x0,
    0xaf, 0xff, 0xff, 0xfb, 0x88, 0x88, 0x88, 0x85,
    0xcf, 0xff, 0xff, 0xff, 0xff, 0xff, 0xff, 0xfa,
    0xcf, 0xff, 0xff, 0xff, 0xff, 0xff, 0xff, 0xfa,
    0xcf, 0xff, 0xff, 0xff, 0xff, 0xff, 0xff, 0xfa,
    0xcf, 0xff, 0xff, 0xff, 0xff, 0xff, 0xff, 0xfa,
    0xcf, 0xff, 0xff, 0xff, 0xff, 0xff, 0xff, 0xfa,

    /* U+005B "[" */
    0x1f, 0xff, 0xff, 0xff, 0xff, 0x31, 0xff, 0xff,
    0xff, 0xff, 0xf3, 0x1f, 0xff, 0xff, 0xff, 0xff,
    0x31, 0xff, 0xff, 0xfe, 0xdd, 0xd3, 0x1f, 0xff,
    0xff, 0x90, 0x0, 0x1, 0xff, 0xff, 0xf9, 0x0,
    0x0, 0x1f, 0xff, 0xff, 0x90, 0x0, 0x1, 0xff,
    0xff, 0xf9, 0x0, 0x0, 0x1f, 0xff, 0xff, 0x90,
    0x0, 0x1, 0xff, 0xff, 0xf9, 0x0, 0x0, 0x1f,
    0xff, 0xff, 0x90, 0x0, 0x1, 0xff, 0xff, 0xf9,
    0x0, 0x0, 0x1f, 0xff, 0xff, 0x90, 0x0, 0x1,
    0xff, 0xff, 0xf9, 0x0, 0x0, 0x1f, 0xff, 0xff,
    0x90, 0x0, 0x1, 0xff, 0xff, 0xf9, 0x0, 0x0,
    0x1f, 0xff, 0xff, 0x90, 0x0, 0x1, 0xff, 0xff,
    0xf9, 0x0, 0x0, 0x1f, 0xff, 0xff, 0x90, 0x0,
    0x1, 0xff, 0xff, 0xf9, 0x0, 0x0, 0x1f, 0xff,
    0xff, 0x90, 0x0, 0x1, 0xff, 0xff, 0xf9, 0x0,
    0x0, 0x1f, 0xff, 0xff, 0x90, 0x0, 0x1, 0xff,
    0xff, 0xf9, 0x0, 0x0, 0x1f, 0xff, 0xff, 0x90,
    0x0, 0x1, 0xff, 0xff, 0xf9, 0x0, 0x0, 0x1f,
    0xff, 0xff, 0x90, 0x0, 0x1, 0xff, 0xff, 0xf9,
    0x0, 0x0, 0x1f, 0xff, 0xff, 0x90, 0x0, 0x1,
    0xff, 0xff, 0xf9, 0x0, 0x0, 0x1f, 0xff, 0xff,
    0x90, 0x0, 0x1, 0xff, 0xff, 0xf9, 0x0, 0x0,
    0x1f, 0xff, 0xff, 0xed, 0xdd, 0x31, 0xff, 0xff,
    0xff, 0xff, 0xf3, 0x1f, 0xff, 0xff, 0xff, 0xff,
    0x31, 0xff, 0xff, 0xff, 0xff, 0xf3,

    /* U+005C "\\" */
    0x7f, 0xff, 0xfb, 0x0, 0x0, 0x0, 0x0, 0x3f,
    0xff, 0xfe, 0x0, 0x0, 0x0, 0x0, 0xf, 0xff,
    0xff, 0x20, 0x0, 0x0, 0x0, 0xc, 0xff, 0xff,
    0x60, 0x0, 0x0, 0x0, 0x8, 0xff, 0xff, 0xa0,
    0x0, 0x0, 0x0, 0x4, 0xff, 0xff, 0xe0, 0x0,
    0x0, 0x0, 0x1, 0xff, 0xff, 0xf1, 0x0, 0x0,
    0x0, 0x0, 0xdf, 0xff, 0xf5, 0x0, 0x0, 0x0,
    0x0, 0x9f, 0xff, 0xf9, 0x0, 0x0, 0x0, 0x0,
    0x5f, 0xff, 0xfd, 0x0, 0x0, 0x0, 0x0, 0x2f,
    0xff, 0xff, 0x0, 0x0, 0x0, 0x0, 0xe, 0xff,
    0xff, 0x40, 0x0, 0x0, 0x0, 0xa, 0xff, 0xff,
    0x80, 0x0, 0x0, 0x0, 0x6, 0xff, 0xff, 0xc0,
    0x0, 0x0, 0x0, 0x3, 0xff, 0xff, 0xf0, 0x0,
    0x0, 0x0, 0x0, 0xff, 0xff, 0xf3, 0x0, 0x0,
    0x0, 0x0, 0xbf, 0xff, 0xf7, 0x0, 0x0, 0x0,
    0x0, 0x7f, 0xff, 0xfb, 0x0, 0x0, 0x0, 0x0,
    0x3f, 0xff, 0xfe, 0x0, 0x0, 0x0, 0x0, 0xf,
    0xff, 0xff, 0x20, 0x0, 0x0, 0x0, 0xc, 0xff,
    0xff, 0x60, 0x0, 0x0, 0x0, 0x8, 0xff, 0xff,
    0xa0, 0x0, 0x0, 0x0, 0x4, 0xff, 0xff, 0xd0,
    0x0, 0x0, 0x0, 0x1, 0xff, 0xff, 0xf1, 0x0,
    0x0, 0x0, 0x0, 0xdf, 0xff, 0xf5, 0x0, 0x0,
    0x0, 0x0, 0x9f, 0xff, 0xf9, 0x0, 0x0, 0x0,
    0x0, 0x5f, 0xff, 0xfc, 0x0, 0x0, 0x0, 0x0,
    0x2f, 0xff, 0xff, 0x0, 0x0, 0x0, 0x0, 0xe,
    0xff, 0xff, 0x40, 0x0, 0x0, 0x0, 0xa, 0xff,
    0xff, 0x80, 0x0, 0x0, 0x0, 0x6, 0xff, 0xff,
    0xb0, 0x0, 0x0, 0x0, 0x3, 0xff, 0xff, 0xf0,
    0x0, 0x0, 0x0, 0x0, 0x78, 0x88, 0x81,

    /* U+005D "]" */
    0x9f, 0xff, 0xff, 0xff, 0xfb, 0x9f, 0xff, 0xff,
    0xff, 0xfb, 0x9f, 0xff, 0xff, 0xff, 0xfb, 0x7d,
    0xdd, 0xff, 0xff, 0xfb, 0x0, 0x0, 0xff, 0xff,
    0xfb, 0x0, 0x0, 0xff, 0xff, 0xfb, 0x0, 0x0,
    0xff, 0xff, 0xfb, 0x0, 0x0, 0xff, 0xff, 0xfb,
    0x0, 0x0, 0xff, 0xff, 0xfb, 0x0, 0x0, 0xff,
    0xff, 0xfb, 0x0, 0x0, 0xff, 0xff, 0xfb, 0x0,
    0x0, 0xff, 0xff, 0xfb, 0x0, 0x0, 0xff, 0xff,
    0xfb, 0x0, 0x0, 0xff, 0xff, 0xfb, 0x0, 0x0,
    0xff, 0xff, 0xfb, 0x0, 0x0, 0xff, 0xff, 0xfb,
    0x0, 0x0, 0xff, 0xff, 0xfb, 0x0, 0x0, 0xff,
    0xff, 0xfb, 0x0, 0x0, 0xff, 0xff, 0xfb, 0x0,
    0x0, 0xff, 0xff, 0xfb, 0x0, 0x0, 0xff, 0xff,
    0xfb, 0x0, 0x0, 0xff, 0xff, 0xfb, 0x0, 0x0,
    0xff, 0xff, 0xfb, 0x0, 0x0, 0xff, 0xff, 0xfb,
    0x0, 0x0, 0xff, 0xff, 0xfb, 0x0, 0x0, 0xff,
    0xff, 0xfb, 0x0, 0x0, 0xff, 0xff, 0xfb, 0x0,
    0x0, 0xff, 0xff, 0xfb, 0x0, 0x0, 0xff, 0xff,
    0xfb, 0x0, 0x0, 0xff, 0xff, 0xfb, 0x0, 0x0,
    0xff, 0xff, 0xfb, 0x0, 0x0, 0xff, 0xff, 0xfb,
    0x8d, 0xdd, 0xff, 0xff, 0xfb, 0x9f, 0xff, 0xff,
    0xff, 0xfb, 0x9f, 0xff, 0xff, 0xff, 0xfb, 0x9f,
    0xff, 0xff, 0xff, 0xfb,

    /* U+005E "^" */
    0x0, 0x0, 0xe, 0xff, 0xff, 0x50, 0x0, 0x0,
    0x0, 0x0, 0x6f, 0xff, 0xff, 0xd0, 0x0, 0x0,
    0x0, 0x0, 0xdf, 0xff, 0xff, 0xf4, 0x0, 0x0,
    0x0, 0x5, 0xff, 0xff, 0xff, 0xfb, 0x0, 0x0,
    0x0, 0xd, 0xff, 0xfd, 0xff, 0xff, 0x30, 0x0,
    0x0, 0x4f, 0xff, 0xf4, 0xdf, 0xff, 0xa0, 0x0,
    0x0, 0xbf, 0xff, 0xd0, 0x7f, 0xff, 0xf2, 0x0,
    0x3, 0xff, 0xff, 0x70, 0x1f, 0xff, 0xf9, 0x0,
    0xa, 0xff, 0xff, 0x10, 0xa, 0xff, 0xff, 0x10,
    0x2f, 0xff, 0xfa, 0x0, 0x4, 0xff, 0xff, 0x80,
    0x9f, 0xff, 0xf3, 0x0, 0x0, 0xef, 0xff, 0xe0,

    /* U+005F "_" */
    0xee, 0xee, 0xee, 0xee, 0xee, 0xee, 0xee, 0xcf,
    0xff, 0xff, 0xff, 0xff, 0xff, 0xff, 0xfe, 0xff,
    0xff, 0xff, 0xff, 0xff, 0xff, 0xff, 0xef, 0xff,
    0xff, 0xff, 0xff, 0xff, 0xff, 0xfe, 0xff, 0xff,
    0xff, 0xff, 0xff, 0xff, 0xff, 0xe0,

    /* U+0060 "`" */
    0x6c, 0xcc, 0xcc, 0x10, 0x1, 0xff, 0xff, 0xf7,
    0x0, 0x8, 0xff, 0xff, 0xd0, 0x0, 0xe, 0xff,
    0xff, 0x30, 0x0, 0x6f, 0xff, 0xf9, 0x0, 0x0,
    0xdf, 0xff, 0xe0,

    /* U+0061 "a" */
    0x1, 0x8a, 0xcd, 0xef, 0xff, 0xda, 0x50, 0x0,
    0x2, 0xff, 0xff, 0xff, 0xff, 0xff, 0xfc, 0x10,
    0x2, 0xff, 0xff, 0xff, 0xff, 0xff, 0xff, 0xa0,
    0x2, 0xff, 0xff, 0xff, 0xff, 0xff, 0xff, 0xf1,
    0x2, 0xff, 0xfe, 0xef, 0xff, 0xff, 0xff, 0xf5,
    0x0, 0x0, 0x0, 0x0, 0x1b, 0xff, 0xff, 0xf8,
    0x0, 0x0, 0x0, 0x0, 0x5, 0xff, 0xff, 0xf9,
    0x0, 0x0, 0x0, 0x0, 0x4, 0xff, 0xff, 0xfa,
    0x0, 0x3, 0x79, 0xa9, 0x8a, 0xff, 0xff, 0xfa,
    0x0, 0xaf, 0xff, 0xff, 0xff, 0xff, 0xff, 0xfb,
    0x6, 0xff, 0xff, 0xff, 0xff, 0xff, 0xff, 0xfb,
    0xc, 0xff, 0xff, 0xff, 0xff, 0xff, 0xff, 0xfb,
    0xf, 0xff, 0xff, 0xd1, 0x4, 0xff, 0xff, 0xfb,
    0xf, 0xff, 0xff, 0x90, 0x4, 0xff, 0xff, 0xfb,
    0x1f, 0xff, 0xff, 0x90, 0x5, 0xff, 0xff, 0xfb,
    0x1f, 0xff, 0xff, 0xb0, 0xa, 0xff, 0xff, 0xfb,
    0xf, 0xff, 0xff, 0xfe, 0xef, 0xff, 0xff, 0xfb,
    0xd, 0xff, 0xff, 0xff, 0xff, 0xff, 0xff, 0xfb,
    0x8, 0xff, 0xff, 0xff, 0xfc, 0xff, 0xff, 0xfb,
    0x1, 0xef, 0xff, 0xff, 0xd2, 0xff, 0xff, 0xfb,
    0x0, 0x2a, 0xef, 0xd8, 0x1, 0xff, 0xff, 0xfb,

    /* U+0062 "b" */
    0x6f, 0xff, 0xff, 0x90, 0x0, 0x0, 0x0, 0x0,
    0x6f, 0xff, 0xff, 0x90, 0x0, 0x0, 0x0, 0x0,
    0x6f, 0xff, 0xff, 0x90, 0x0, 0x0, 0x0, 0x0,
    0x6f, 0xff, 0xff, 0x90, 0x0, 0x0, 0x0, 0x0,
    0x6f, 0xff, 0xff, 0x90, 0x0, 0x0, 0x0, 0x0,
    0x6f, 0xff, 0xff, 0x90, 0x0, 0x0, 0x0, 0x0,
    0x6f, 0xff, 0xff, 0x90, 0x0, 0x0, 0x0, 0x0,
    0x6f, 0xff, 0xff, 0x90, 0x0, 0x0, 0x0, 0x0,
    0x6f, 0xff, 0xff, 0x90, 0x0, 0x0, 0x0, 0x0,
    0x6f, 0xff, 0xff, 0x90, 0x6c, 0xfe, 0xb3, 0x0,
    0x6f, 0xff, 0xff, 0x98, 0xff, 0xff, 0xff, 0x40,
    0x6f, 0xff, 0xff, 0xcf, 0xff, 0xff, 0xff, 0xd0,
    0x6f, 0xff, 0xff, 0xff, 0xff, 0xff, 0xff, 0xf2,
    0x6f, 0xff, 0xff, 0xff, 0xff, 0xff, 0xff, 0xf6,
    0x6f, 0xff, 0xff, 0xf6, 0x4b, 0xff, 0xff, 0xf8,
    0x6f, 0xff, 0xff, 0xc0, 0x4, 0xff, 0xff, 0xfa,
    0x6f, 0xff, 0xff, 0xa0, 0x2, 0xff, 0xff, 0xfb,
    0x6f, 0xff, 0xff, 0x90, 0x2, 0xff, 0xff, 0xfc,
    0x6f, 0xff, 0xff, 0x90, 0x2, 0xff, 0xff, 0xfc,
    0x6f, 0xff, 0xff, 0x90, 0x2, 0xff, 0xff, 0xfc,
    0x6f, 0xff, 0xff, 0x90, 0x2, 0xff, 0xff, 0xfc,
    0x6f, 0xff, 0xff, 0x90, 0x2, 0xff, 0xff, 0xfc,
    0x6f, 0xff, 0xff, 0x90, 0x2, 0xff, 0xff, 0xfb,
    0x6f, 0xff, 0xff, 0xb0, 0x3, 0xff, 0xff, 0xfa,
    0x6f, 0xff, 0xff, 0xe1, 0x8, 0xff, 0xff, 0xf8,
    0x6f, 0xff, 0xff, 0xff, 0xff, 0xff, 0xff, 0xf6,
    0x6f, 0xff, 0xff, 0xff, 0xff, 0xff, 0xff, 0xf2,
    0x6f, 0xff, 0xff, 0xdf, 0xff, 0xff, 0xff, 0xd0,
    0x6f, 0xff, 0xff, 0x6a, 0xff, 0xff, 0xff, 0x40,
    0x6f, 0xff, 0xff, 0x50, 0x7d, 0xfe, 0xb4, 0x0,

    /* U+0063 "c" */
    0x0, 0x5, 0xbe, 0xff, 0xed, 0xa5, 0x0, 0xbf,
    0xff, 0xff, 0xff, 0xfb, 0x9, 0xff, 0xff, 0xff,
    0xff, 0xfb, 0x1f, 0xff, 0xff, 0xff, 0xff, 0xfb,
    0x5f, 0xff, 0xff, 0xff, 0xff, 0xfb, 0x8f, 0xff,
    0xff, 0xc1, 0x0, 0x0, 0xaf, 0xff, 0xff, 0x60,
    0x0, 0x0, 0xcf, 0xff, 0xff, 0x30, 0x0, 0x0,
    0xcf, 0xff, 0xff, 0x30, 0x0, 0x0, 0xdf, 0xff,
    0xff, 0x20, 0x0, 0x0, 0xdf, 0xff, 0xff, 0x20,
    0x0, 0x0, 0xdf, 0xff, 0xff, 0x20, 0x0, 0x0,
    0xcf, 0xff, 0xff, 0x20, 0x0, 0x0, 0xcf, 0xff,
    0xff, 0x30, 0x0, 0x0, 0xaf, 0xff, 0xff, 0x60,
    0x0, 0x0, 0x9f, 0xff, 0xff, 0xc1, 0x0, 0x1,
    0x6f, 0xff, 0xff, 0xff, 0xef, 0xfc, 0x1f, 0xff,
    0xff, 0xff, 0xff, 0xfc, 0x9, 0xff, 0xff, 0xff,
    0xff, 0xfc, 0x0, 0xbf, 0xff, 0xff, 0xff, 0xfc,
    0x0, 0x5, 0xbe, 0xff, 0xed, 0xa5,

    /* U+0064 "d" */
    0x0, 0x0, 0x0, 0x0, 0x9, 0xff, 0xff, 0xf6,
    0x0, 0x0, 0x0, 0x0, 0x9, 0xff, 0xff, 0xf6,
    0x0, 0x0, 0x0, 0x0, 0x9, 0xff, 0xff, 0xf6,
    0x0, 0x0, 0x0, 0x0, 0x9, 0xff, 0xff, 0xf6,
    0x0, 0x0, 0x0, 0x0, 0x9, 0xff, 0xff, 0xf6,
    0x0, 0x0, 0x0, 0x0, 0x9, 0xff, 0xff, 0xf6,
    0x0, 0x0, 0x0, 0x0, 0x9, 0xff, 0xff, 0xf6,
    0x0, 0x0, 0x0, 0x0, 0x9, 0xff, 0xff, 0xf6,
    0x0, 0x0, 0x0, 0x0, 0x9, 0xff, 0xff, 0xf6,
    0x0, 0x3b, 0xef, 0xd8, 0x9, 0xff, 0xff, 0xf6,
    0x4, 0xff, 0xff, 0xff, 0xb9, 0xff, 0xff, 0xf6,
    0xd, 0xff, 0xff, 0xff, 0xff, 0xff, 0xff, 0xf6,
    0x3f, 0xff, 0xff, 0xff, 0xff, 0xff, 0xff, 0xf6,
    0x6f, 0xff, 0xff, 0xff, 0xff, 0xff, 0xff, 0xf6,
    0x9f, 0xff, 0xff, 0xb4, 0x6f, 0xff, 0xff, 0xf6,
    0xbf, 0xff, 0xff, 0x40, 0xc, 0xff, 0xff, 0xf6,
    0xcf, 0xff, 0xff, 0x20, 0xa, 0xff, 0xff, 0xf6,
    0xcf, 0xff, 0xff, 0x20, 0x9, 0xff, 0xff, 0xf6,
    0xdf, 0xff, 0xff, 0x20, 0x9, 0xff, 0xff, 0xf6,
    0xdf, 0xff, 0xff, 0x20, 0x9, 0xff, 0xff, 0xf6,
    0xdf, 0xff, 0xff, 0x20, 0x9, 0xff, 0xff, 0xf6,
    0xdf, 0xff, 0xff, 0x20, 0x9, 0xff, 0xff, 0xf6,
    0xcf, 0xff, 0xff, 0x20, 0xa, 0xff, 0xff, 0xf6,
    0xbf, 0xff, 0xff, 0x40, 0xc, 0xff, 0xff, 0xf6,
    0x9f, 0xff, 0xff, 0xc5, 0x7f, 0xff, 0xff, 0xf6,
    0x7f, 0xff, 0xff, 0xff, 0xff, 0xff, 0xff, 0xf6,
    0x3f, 0xff, 0xff, 0xff, 0xff, 0xff, 0xff, 0xf6,
    0xd, 0xff, 0xff, 0xff, 0xf9, 0xff, 0xff, 0xf6,
    0x5, 0xff, 0xff, 0xff, 0x76, 0xff, 0xff, 0xf6,
    0x0, 0x4b, 0xef, 0xc5, 0x5, 0xff, 0xff, 0xf6,

    /* U+0065 "e" */
    0x0, 0x4, 0xad, 0xff, 0xfe, 0xc8, 0x10, 0x0,
    0xb, 0xff, 0xff, 0xff, 0xff, 0xff, 0x40, 0xa,
    0xff, 0xff, 0xff, 0xff, 0xff, 0xff, 0x12, 0xff,
    0xff, 0xff, 0xff, 0xff, 0xff, 0xf6, 0x6f, 0xff,
    0xff, 0xfc, 0xef, 0xff, 0xff, 0x99, 0xff, 0xff,
    0xf5, 0x0, 0xef, 0xff, 0xfb, 0xbf, 0xff, 0xff,
    0x20, 0xb, 0xff, 0xff, 0xcc, 0xff, 0xff, 0xf1,
    0x0, 0xbf, 0xff, 0xfd, 0xcf, 0xff, 0xff, 0xaa,
    0xae, 0xff, 0xff, 0xdd, 0xff, 0xff, 0xff, 0xff,
    0xff, 0xff, 0xfd, 0xdf, 0xff, 0xff, 0xff, 0xff,
    0xff, 0xff, 0xdd, 0xff, 0xff, 0xff, 0xff, 0xff,
    0xff, 0xfe, 0xcf, 0xff, 0xff, 0x10, 0x0, 0x0,
    0x0, 0xc, 0xff, 0xff, 0xf1, 0x0, 0x0, 0x0,
    0x0, 0xbf, 0xff, 0xff, 0x30, 0x0, 0x0, 0x0,
    0x9, 0xff, 0xff, 0xfa, 0x0, 0x0, 0x0, 0x0,
    0x7f, 0xff, 0xff, 0xff, 0xee, 0xef, 0xff, 0x62,
    0xff, 0xff, 0xff, 0xff, 0xff, 0xff, 0xf6, 0xa,
    0xff, 0xff, 0xff, 0xff, 0xff, 0xff, 0x60, 0xb,
    0xff, 0xff, 0xff, 0xff, 0xff, 0xf6, 0x0, 0x4,
    0x9d, 0xef, 0xff, 0xed, 0xb9, 0x20,

    /* U+0066 "f" */
    0x0, 0x0, 0x4, 0x9c, 0xde, 0xff, 0x30, 0x0,
    0xa, 0xff, 0xff, 0xff, 0xf3, 0x0, 0x5, 0xff,
    0xff, 0xff, 0xff, 0x30, 0x0, 0xaf, 0xff, 0xff,
    0xff, 0xf3, 0x0, 0xd, 0xff, 0xff, 0xfc, 0x75,
    0x10, 0x0, 0xff, 0xff, 0xff, 0x10, 0x0, 0x0,
    0xf, 0xff, 0xff, 0xf0, 0x0, 0x0, 0x0, 0xff,
    0xff, 0xfe, 0x0, 0x0, 0x0, 0xf, 0xff, 0xff,
    0xe0, 0x0, 0x7, 0xff, 0xff, 0xff, 0xff, 0xff,
    0xf3, 0x7f, 0xff, 0xff, 0xff, 0xff, 0xff, 0x37,
    0xff, 0xff, 0xff, 0xff, 0xff, 0xf3, 0x7f, 0xff,
    0xff, 0xff, 0xff, 0xff, 0x37, 0xee, 0xff, 0xff,
    0xff, 0xee, 0xe3, 0x0, 0xf, 0xff, 0xff, 0xe0,
    0x0, 0x0, 0x0, 0xff, 0xff, 0xfe, 0x0, 0x0,
    0x0, 0xf, 0xff, 0xff, 0xe0, 0x0, 0x0, 0x0,
    0xff, 0xff, 0xfe, 0x0, 0x0, 0x0, 0xf, 0xff,
    0xff, 0xe0, 0x0, 0x0, 0x0, 0xff, 0xff, 0xfe,
    0x0, 0x0, 0x0, 0xf, 0xff, 0xff, 0xe0, 0x0,
    0x0, 0x0, 0xff, 0xff, 0xfe, 0x0, 0x0, 0x0,
    0xf, 0xff, 0xff, 0xe0, 0x0, 0x0, 0x0, 0xff,
    0xff, 0xfe, 0x0, 0x0, 0x0, 0xf, 0xff, 0xff,
    0xe0, 0x0, 0x0, 0x0, 0xff, 0xff, 0xfe, 0x0,
    0x0, 0x0, 0xf, 0xff, 0xff, 0xe0, 0x0, 0x0,
    0x0, 0xff, 0xff, 0xfe, 0x0, 0x0, 0x0, 0xf,
    0xff, 0xff, 0xe0, 0x0, 0x0, 0x0, 0xff, 0xff,
    0xfe, 0x0, 0x0,

    /* U+0067 "g" */
    0x0, 0x4b, 0xef, 0xd7, 0x5, 0xff, 0xff, 0xf5,
    0x5, 0xff, 0xff, 0xff, 0x96, 0xff, 0xff, 0xf5,
    0xd, 0xff, 0xff, 0xff, 0xfc, 0xff, 0xff, 0xf5,
    0x3f, 0xff, 0xff, 0xff, 0xff, 0xff, 0xff, 0xf5,
    0x6f, 0xff, 0xff, 0xff, 0xff, 0xff, 0xff, 0xf5,
    0x9f, 0xff, 0xff, 0x91, 0x3f, 0xff, 0xff, 0xf5,
    0xbf, 0xff, 0xff, 0x30, 0xb, 0xff, 0xff, 0xf5,
    0xcf, 0xff, 0xff, 0x20, 0xa, 0xff, 0xff, 0xf5,
    0xcf, 0xff, 0xff, 0x20, 0x9, 0xff, 0xff, 0xf5,
    0xdf, 0xff, 0xff, 0x20, 0x9, 0xff, 0xff, 0xf5,
    0xdf, 0xff, 0xff, 0x20, 0x9, 0xff, 0xff, 0xf5,
    0xdf, 0xff, 0xff, 0x20, 0x9, 0xff, 0xff, 0xf5,
    0xcf, 0xff, 0xff, 0x20, 0x9, 0xff, 0xff, 0xf5,
    0xcf, 0xff, 0xff, 0x20, 0xa, 0xff, 0xff, 0xf5,
    0xbf, 0xff, 0xff, 0x40, 0xc, 0xff, 0xff, 0xf5,
    0x9f, 0xff, 0xff, 0xc6, 0x8f, 0xff, 0xff, 0xf5,
    0x7f, 0xff, 0xff, 0xff, 0xff, 0xff, 0xff, 0xf5,
    0x3f, 0xff, 0xff, 0xff, 0xff, 0xff, 0xff, 0xf5,
    0xd, 0xff, 0xff, 0xff, 0xfc, 0xff, 0xff, 0xf5,
    0x5, 0xff, 0xff, 0xff, 0x89, 0xff, 0xff, 0xf5,
    0x0, 0x3b, 0xef, 0xd6, 0x9, 0xff, 0xff, 0xf5,
    0x0, 0x0, 0x0, 0x0, 0x9, 0xff, 0xff, 0xf4,
    0x0, 0x0, 0x0, 0x0, 0xb, 0xff, 0xff, 0xf3,
    0x0, 0x0, 0x0, 0x0, 0x3f, 0xff, 0xff, 0xf1,
    0x6, 0xdd, 0xdd, 0xde, 0xff, 0xff, 0xff, 0xe0,
    0x7, 0xff, 0xff, 0xff, 0xff, 0xff, 0xff, 0xa0,
    0x7, 0xff, 0xff, 0xff, 0xff, 0xff, 0xff, 0x20,
    0x7, 0xff, 0xff, 0xff, 0xff, 0xff, 0xf4, 0x0,
    0x4, 0xbc, 0xee, 0xff, 0xfd, 0xb7, 0x10, 0x0,

    /* U+0068 "h" */
    0x6f, 0xff, 0xff, 0x90, 0x0, 0x0, 0x0, 0x0,
    0x6f, 0xff, 0xff, 0x90, 0x0, 0x0, 0x0, 0x0,
    0x6f, 0xff, 0xff, 0x90, 0x0, 0x0, 0x0, 0x0,
    0x6f, 0xff, 0xff, 0x90, 0x0, 0x0, 0x0, 0x0,
    0x6f, 0xff, 0xff, 0x90, 0x0, 0x0, 0x0, 0x0,
    0x6f, 0xff, 0xff, 0x90, 0x0, 0x0, 0x0, 0x0,
    0x6f, 0xff, 0xff, 0x90, 0x0, 0x0, 0x0, 0x0,
    0x6f, 0xff, 0xff, 0x90, 0x0, 0x0, 0x0, 0x0,
    0x6f, 0xff, 0xff, 0x90, 0x0, 0x0, 0x0, 0x0,
    0x6f, 0xff, 0xff, 0x90, 0x4b, 0xef, 0xd7, 0x0,
    0x6f, 0xff, 0xff, 0x96, 0xff, 0xff, 0xff, 0x90,
    0x6f, 0xff, 0xff, 0xbf, 0xff, 0xff, 0xff, 0xf1,
    0x6f, 0xff, 0xff, 0xff, 0xff, 0xff, 0xff, 0xf5,
    0x6f, 0xff, 0xff, 0xff, 0xff, 0xff, 0xff, 0xf7,
    0x6f, 0xff, 0xff, 0xf6, 0x4d, 0xff, 0xff, 0xf8,
    0x6f, 0xff, 0xff, 0xb0, 0x7, 0xff, 0xff, 0xf9,
    0x6f, 0xff, 0xff, 0x90, 0x6, 0xff, 0xff, 0xf9,
    0x6f, 0xff, 0xff, 0x90, 0x5, 0xff, 0xff, 0xf9,
    0x6f, 0xff, 0xff, 0x90, 0x5, 0xff, 0xff, 0xf9,
    0x6f, 0xff, 0xff, 0x90, 0x5, 0xff, 0xff, 0xf9,
    0x6f, 0xff, 0xff, 0x90, 0x5, 0xff, 0xff, 0xf9,
    0x6f, 0xff, 0xff, 0x90, 0x5, 0xff, 0xff, 0xf9,
    0x6f, 0xff, 0xff, 0x90, 0x5, 0xff, 0xff, 0xf9,
    0x6f, 0xff, 0xff, 0x90, 0x5, 0xff, 0xff, 0xf9,
    0x6f, 0xff, 0xff, 0x90, 0x5, 0xff, 0xff, 0xf9,
    0x6f, 0xff, 0xff, 0x90, 0x5, 0xff, 0xff, 0xf9,
    0x6f, 0xff, 0xff, 0x90, 0x5, 0xff, 0xff, 0xf9,
    0x6f, 0xff, 0xff, 0x90, 0x5, 0xff, 0xff, 0xf9,
    0x6f, 0xff, 0xff, 0x90, 0x5, 0xff, 0xff, 0xf9,
    0x6f, 0xff, 0xff, 0x90, 0x5, 0xff, 0xff, 0xf9,

    /* U+0069 "i" */
    0x6f, 0xff, 0xff, 0x96, 0xff, 0xff, 0xf9, 0x6f,
    0xff, 0xff, 0x96, 0xff, 0xff, 0xf9, 0x6f, 0xff,
    0xff, 0x92, 0x55, 0x55, 0x52, 0x0, 0x0, 0x0,
    0x0, 0x0, 0x0, 0x0, 0x0, 0x0, 0x0, 0x6,
    0xff, 0xff, 0xf9, 0x6f, 0xff, 0xff, 0x96, 0xff,
    0xff, 0xf9, 0x6f, 0xff, 0xff, 0x96, 0xff, 0xff,
    0xf9, 0x6f, 0xff, 0xff, 0x96, 0xff, 0xff, 0xf9,
    0x6f, 0xff, 0xff, 0x96, 0xff, 0xff, 0xf9, 0x6f,
    0xff, 0xff, 0x96, 0xff, 0xff, 0xf9, 0x6f, 0xff,
    0xff, 0x96, 0xff, 0xff, 0xf9, 0x6f, 0xff, 0xff,
    0x96, 0xff, 0xff, 0xf9, 0x6f, 0xff, 0xff, 0x96,
    0xff, 0xff, 0xf9, 0x6f, 0xff, 0xff, 0x96, 0xff,
    0xff, 0xf9, 0x6f, 0xff, 0xff, 0x96, 0xff, 0xff,
    0xf9,

    /* U+006A "j" */
    0x0, 0x6f, 0xff, 0xff, 0x90, 0x6, 0xff, 0xff,
    0xf9, 0x0, 0x6f, 0xff, 0xff, 0x90, 0x6, 0xff,
    0xff, 0xf9, 0x0, 0x6f, 0xff, 0xff, 0x90, 0x2,
    0x55, 0x55, 0x52, 0x0, 0x0, 0x0, 0x0, 0x0,
    0x0, 0x0, 0x0, 0x0, 0x0, 0x0, 0x0, 0x0,
    0x0, 0x6, 0xff, 0xff, 0xf9, 0x0, 0x6f, 0xff,
    0xff, 0x90, 0x6, 0xff, 0xff, 0xf9, 0x0, 0x6f,
    0xff, 0xff, 0x90, 0x6, 0xff, 0xff, 0xf9, 0x0,
    0x6f, 0xff, 0xff, 0x90, 0x6, 0xff, 0xff, 0xf9,
    0x0, 0x6f, 0xff, 0xff, 0x90, 0x6, 0xff, 0xff,
    0xf9, 0x0, 0x6f, 0xff, 0xff, 0x90, 0x6, 0xff,
    0xff, 0xf9, 0x0, 0x6f, 0xff, 0xff, 0x90, 0x6,
    0xff, 0xff, 0xf9, 0x0, 0x6f, 0xff, 0xff, 0x90,
    0x6, 0xff, 0xff, 0xf9, 0x0, 0x6f, 0xff, 0xff,
    0x90, 0x6, 0xff, 0xff, 0xf9, 0x0, 0x6f, 0xff,
    0xff, 0x90, 0x6, 0xff, 0xff, 0xf9, 0x0, 0x6f,
    0xff, 0xff, 0x90, 0x6, 0xff, 0xff, 0xf9, 0x0,
    0x6f, 0xff, 0xff, 0x80, 0x6, 0xff, 0xff, 0xf8,
    0x0, 0x8f, 0xff, 0xff, 0x65, 0x9f, 0xff, 0xff,
    0xf4, 0xbf, 0xff, 0xff, 0xff, 0x1b, 0xff, 0xff,
    0xff, 0xb0, 0xbf, 0xff, 0xff, 0xe2, 0xa, 0xfe,
    0xdb, 0x71, 0x0,

    /* U+006B "k" */
    0x6f, 0xff, 0xff, 0x90, 0x0, 0x0, 0x0, 0x0,
    0x6, 0xff, 0xff, 0xf9, 0x0, 0x0, 0x0, 0x0,
    0x0, 0x6f, 0xff, 0xff, 0x90, 0x0, 0x0, 0x0,
    0x0, 0x6, 0xff, 0xff, 0xf9, 0x0, 0x0, 0x0,
    0x0, 0x0, 0x6f, 0xff, 0xff, 0x90, 0x0, 0x0,
    0x0, 0x0, 0x6, 0xff, 0xff, 0xf9, 0x0, 0x0,
    0x0, 0x0, 0x0, 0x6f, 0xff, 0xff, 0x90, 0x0,
    0x0, 0x0, 0x0, 0x6, 0xff, 0xff, 0xf9, 0x0,
    0x0, 0x0, 0x0, 0x0, 0x6f, 0xff, 0xff, 0x90,
    0x0, 0x0, 0x0, 0x0, 0x6, 0xff, 0xff, 0xf9,
    0x0, 0xd, 0xff, 0xff, 0xf3, 0x6f, 0xff, 0xff,
    0x90, 0x3, 0xff, 0xff, 0xfc, 0x6, 0xff, 0xff,
    0xf9, 0x0, 0x9f, 0xff, 0xff, 0x50, 0x6f, 0xff,
    0xff, 0x90, 0xe, 0xff, 0xff, 0xe0, 0x6, 0xff,
    0xff, 0xf9, 0x5, 0xff, 0xff, 0xf8, 0x0, 0x6f,
    0xff, 0xff, 0x90, 0xbf, 0xff, 0xff, 0x20, 0x6,
    0xff, 0xff, 0xf9, 0x1f, 0xff, 0xff, 0xb0, 0x0,
    0x6f, 0xff, 0xff, 0x97, 0xff, 0xff, 0xf4, 0x0,
    0x6, 0xff, 0xff, 0xff, 0xff, 0xff, 0xfd, 0x0,
    0x0, 0x6f, 0xff, 0xff, 0xff, 0xff, 0xff, 0x70,
    0x0, 0x6, 0xff, 0xff, 0xff, 0xff, 0xff, 0xf7,
    0x0, 0x0, 0x6f, 0xff, 0xff, 0xff, 0xff, 0xff,
    0xd0, 0x0, 0x6, 0xff, 0xff, 0xff, 0xff, 0xff,
    0xff, 0x40, 0x0, 0x6f, 0xff, 0xff, 0x98, 0xff,
    0xff, 0xfa, 0x0, 0x6, 0xff, 0xff, 0xf9, 0x2f,
    0xff, 0xff, 0xf0, 0x0, 0x6f, 0xff, 0xff, 0x90,
    0xcf, 0xff, 0xff, 0x60, 0x6, 0xff, 0xff, 0xf9,
    0x6, 0xff, 0xff, 0xfc, 0x0, 0x6f, 0xff, 0xff,
    0x90, 0x1f, 0xff, 0xff, 0xf2, 0x6, 0xff, 0xff,
    0xf9, 0x0, 0xbf, 0xff, 0xff, 0x80, 0x6f, 0xff,
    0xff, 0x90, 0x5, 0xff, 0xff, 0xfe, 0x6, 0xff,
    0xff, 0xf9, 0x0, 0xf, 0xff, 0xff, 0xf4,

    /* U+006C "l" */
    0x6f, 0xff, 0xff, 0x96, 0xff, 0xff, 0xf9, 0x6f,
    0xff, 0xff, 0x96, 0xff, 0xff, 0xf9, 0x6f, 0xff,
    0xff, 0x96, 0xff, 0xff, 0xf9, 0x6f, 0xff, 0xff,
    0x96, 0xff, 0xff, 0xf9, 0x6f, 0xff, 0xff, 0x96,
    0xff, 0xff, 0xf9, 0x6f, 0xff, 0xff, 0x96, 0xff,
    0xff, 0xf9, 0x6f, 0xff, 0xff, 0x96, 0xff, 0xff,
    0xf9, 0x6f, 0xff, 0xff, 0x96, 0xff, 0xff, 0xf9,
    0x6f, 0xff, 0xff, 0x96, 0xff, 0xff, 0xf9, 0x6f,
    0xff, 0xff, 0x96, 0xff, 0xff, 0xf9, 0x6f, 0xff,
    0xff, 0x96, 0xff, 0xff, 0xf9, 0x6f, 0xff, 0xff,
    0x96, 0xff, 0xff, 0xf9, 0x6f, 0xff, 0xff, 0x96,
    0xff, 0xff, 0xf9, 0x6f, 0xff, 0xff, 0x96, 0xff,
    0xff, 0xf9, 0x6f, 0xff, 0xff, 0x96, 0xff, 0xff,
    0xf9,

    /* U+006D "m" */
    0x6f, 0xff, 0xff, 0x50, 0x5c, 0xef, 0xd7, 0x0,
    0x7, 0xdf, 0xec, 0x40, 0x6, 0xff, 0xff, 0xf6,
    0x6f, 0xff, 0xff, 0xf8, 0xb, 0xff, 0xff, 0xff,
    0x30, 0x6f, 0xff, 0xff, 0xaf, 0xff, 0xff, 0xff,
    0xf8, 0xff, 0xff, 0xff, 0xfb, 0x6, 0xff, 0xff,
    0xff, 0xff, 0xff, 0xff, 0xff, 0xff, 0xff, 0xff,
    0xff, 0xf0, 0x6f, 0xff, 0xff, 0xff, 0xff, 0xff,
    0xff, 0xff, 0xff, 0xff, 0xff, 0xff, 0x26, 0xff,
    0xff, 0xff, 0x55, 0xef, 0xff, 0xff, 0xe5, 0x6f,
    0xff, 0xff, 0xf3, 0x6f, 0xff, 0xff, 0xb0, 0xa,
    0xff, 0xff, 0xf8, 0x0, 0xcf, 0xff, 0xff, 0x46,
    0xff, 0xff, 0xf9, 0x0, 0x9f, 0xff, 0xff, 0x70,
    0xb, 0xff, 0xff, 0xf4, 0x6f, 0xff, 0xff, 0x90,
    0x9, 0xff, 0xff, 0xf6, 0x0, 0xbf, 0xff, 0xff,
    0x46, 0xff, 0xff, 0xf9, 0x0, 0x9f, 0xff, 0xff,
    0x60, 0xb, 0xff, 0xff, 0xf4, 0x6f, 0xff, 0xff,
    0x90, 0x9, 0xff, 0xff, 0xf6, 0x0, 0xbf, 0xff,
    0xff, 0x46, 0xff, 0xff, 0xf9, 0x0, 0x9f, 0xff,
    0xff, 0x60, 0xb, 0xff, 0xff, 0xf4, 0x6f, 0xff,
    0xff, 0x90, 0x9, 0xff, 0xff, 0xf6, 0x0, 0xbf,
    0xff, 0xff, 0x46, 0xff, 0xff, 0xf9, 0x0, 0x9f,
    0xff, 0xff, 0x60, 0xb, 0xff, 0xff, 0xf4, 0x6f,
    0xff, 0xff, 0x90, 0x9, 0xff, 0xff, 0xf6, 0x0,
    0xbf, 0xff, 0xff, 0x46, 0xff, 0xff, 0xf9, 0x0,
    0x9f, 0xff, 0xff, 0x60, 0xb, 0xff, 0xff, 0xf4,
    0x6f, 0xff, 0xff, 0x90, 0x9, 0xff, 0xff, 0xf6,
    0x0, 0xbf, 0xff, 0xff, 0x46, 0xff, 0xff, 0xf9,
    0x0, 0x9f, 0xff, 0xff, 0x60, 0xb, 0xff, 0xff,
    0xf4, 0x6f, 0xff, 0xff, 0x90, 0x9, 0xff, 0xff,
    0xf6, 0x0, 0xbf, 0xff, 0xff, 0x46, 0xff, 0xff,
    0xf9, 0x0, 0x9f, 0xff, 0xff, 0x60, 0xb, 0xff,
    0xff, 0xf4, 0x6f, 0xff, 0xff, 0x90, 0x9, 0xff,
    0xff, 0xf6, 0x0, 0xbf, 0xff, 0xff, 0x40,

    /* U+006E "n" */
    0x6f, 0xff, 0xff, 0x50, 0x5c, 0xef, 0xd7, 0x0,
    0x6f, 0xff, 0xff, 0x68, 0xff, 0xff, 0xff, 0x90,
    0x6f, 0xff, 0xff, 0xbf, 0xff, 0xff, 0xff, 0xf1,
    0x6f, 0xff, 0xff, 0xff, 0xff, 0xff, 0xff, 0xf5,
    0x6f, 0xff, 0xff, 0xff, 0xff, 0xff, 0xff, 0xf7,
    0x6f, 0xff, 0xff, 0xf6, 0x4d, 0xff, 0xff, 0xf8,
    0x6f, 0xff, 0xff, 0xb0, 0x7, 0xff, 0xff, 0xf9,
    0x6f, 0xff, 0xff, 0x90, 0x6, 0xff, 0xff, 0xf9,
    0x6f, 0xff, 0xff, 0x90, 0x5, 0xff, 0xff, 0xf9,
    0x6f, 0xff, 0xff, 0x90, 0x5, 0xff, 0xff, 0xf9,
    0x6f, 0xff, 0xff, 0x90, 0x5, 0xff, 0xff, 0xf9,
    0x6f, 0xff, 0xff, 0x90, 0x5, 0xff, 0xff, 0xf9,
    0x6f, 0xff, 0xff, 0x90, 0x5, 0xff, 0xff, 0xf9,
    0x6f, 0xff, 0xff, 0x90, 0x5, 0xff, 0xff, 0xf9,
    0x6f, 0xff, 0xff, 0x90, 0x5, 0xff, 0xff, 0xf9,
    0x6f, 0xff, 0xff, 0x90, 0x5, 0xff, 0xff, 0xf9,
    0x6f, 0xff, 0xff, 0x90, 0x5, 0xff, 0xff, 0xf9,
    0x6f, 0xff, 0xff, 0x90, 0x5, 0xff, 0xff, 0xf9,
    0x6f, 0xff, 0xff, 0x90, 0x5, 0xff, 0xff, 0xf9,
    0x6f, 0xff, 0xff, 0x90, 0x5, 0xff, 0xff, 0xf9,
    0x6f, 0xff, 0xff, 0x90, 0x5, 0xff, 0xff, 0xf9,

    /* U+006F "o" */
    0x0, 0x17, 0xbd, 0xff, 0xfe, 0xda, 0x40, 0x0,
    0x3, 0xef, 0xff, 0xff, 0xff, 0xff, 0xfa, 0x0,
    0xd, 0xff, 0xff, 0xff, 0xff, 0xff, 0xff, 0x70,
    0x4f, 0xff, 0xff, 0xff, 0xff, 0xff, 0xff, 0xd0,
    0x8f, 0xff, 0xff, 0xff, 0xff, 0xff, 0xff, 0xf0,
    0xaf, 0xff, 0xff, 0x70, 0xd, 0xff, 0xff, 0xf2,
    0xbf, 0xff, 0xff, 0x30, 0xa, 0xff, 0xff, 0xf4,
    0xcf, 0xff, 0xff, 0x20, 0x9, 0xff, 0xff, 0xf5,
    0xdf, 0xff, 0xff, 0x20, 0x8, 0xff, 0xff, 0xf5,
    0xdf, 0xff, 0xff, 0x20, 0x8, 0xff, 0xff, 0xf6,
    0xdf, 0xff, 0xff, 0x20, 0x8, 0xff, 0xff, 0xf6,
    0xdf, 0xff, 0xff, 0x20, 0x8, 0xff, 0xff, 0xf6,
    0xdf, 0xff, 0xff, 0x20, 0x8, 0xff, 0xff, 0xf5,
    0xcf, 0xff, 0xff, 0x20, 0x9, 0xff, 0xff, 0xf5,
    0xbf, 0xff, 0xff, 0x30, 0xa, 0xff, 0xff, 0xf4,
    0xaf, 0xff, 0xff, 0x70, 0xd, 0xff, 0xff, 0xf2,
    0x8f, 0xff, 0xff, 0xff, 0xff, 0xff, 0xff, 0xf0,
    0x4f, 0xff, 0xff, 0xff, 0xff, 0xff, 0xff, 0xd0,
    0xd, 0xff, 0xff, 0xff, 0xff, 0xff, 0xff, 0x70,
    0x3, 0xef, 0xff, 0xff, 0xff, 0xff, 0xfa, 0x0,
    0x0, 0x17, 0xbd, 0xff, 0xfe, 0xda, 0x40, 0x0,

    /* U+0070 "p" */
    0x6f, 0xff, 0xff, 0x50, 0x7d, 0xfe, 0xb3, 0x0,
    0x6f, 0xff, 0xff, 0x6a, 0xff, 0xff, 0xff, 0x40,
    0x6f, 0xff, 0xff, 0xdf, 0xff, 0xff, 0xff, 0xd0,
    0x6f, 0xff, 0xff, 0xff, 0xff, 0xff, 0xff, 0xf2,
    0x6f, 0xff, 0xff, 0xff, 0xff, 0xff, 0xff, 0xf6,
    0x6f, 0xff, 0xff, 0xe1, 0x8, 0xff, 0xff, 0xf8,
    0x6f, 0xff, 0xff, 0xa0, 0x3, 0xff, 0xff, 0xfa,
    0x6f, 0xff, 0xff, 0x90, 0x2, 0xff, 0xff, 0xfb,
    0x6f, 0xff, 0xff, 0x90, 0x2, 0xff, 0xff, 0xfc,
    0x6f, 0xff, 0xff, 0x90, 0x2, 0xff, 0xff, 0xfc,
    0x6f, 0xff, 0xff, 0x90, 0x2, 0xff, 0xff, 0xfc,
    0x6f, 0xff, 0xff, 0x90, 0x2, 0xff, 0xff, 0xfc,
    0x6f, 0xff, 0xff, 0x90, 0x2, 0xff, 0xff, 0xfc,
    0x6f, 0xff, 0xff, 0x90, 0x2, 0xff, 0xff, 0xfb,
    0x6f, 0xff, 0xff, 0xb0, 0x4, 0xff, 0xff, 0xfa,
    0x6f, 0xff, 0xff, 0xf6, 0x4b, 0xff, 0xff, 0xf8,
    0x6f, 0xff, 0xff, 0xff, 0xff, 0xff, 0xff, 0xf6,
    0x6f, 0xff, 0xff, 0xff, 0xff, 0xff, 0xff, 0xf2,
    0x6f, 0xff, 0xff, 0xcf, 0xff, 0xff, 0xff, 0xd0,
    0x6f, 0xff, 0xff, 0x98, 0xff, 0xff, 0xff, 0x40,
    0x6f, 0xff, 0xff, 0x90, 0x6d, 0xfe, 0xb3, 0x0,
    0x6f, 0xff, 0xff, 0x90, 0x0, 0x0, 0x0, 0x0,
    0x6f, 0xff, 0xff, 0x90, 0x0, 0x0, 0x0, 0x0,
    0x6f, 0xff, 0xff, 0x90, 0x0, 0x0, 0x0, 0x0,
    0x6f, 0xff, 0xff, 0x90, 0x0, 0x0, 0x0, 0x0,
    0x6f, 0xff, 0xff, 0x90, 0x0, 0x0, 0x0, 0x0,
    0x6f, 0xff, 0xff, 0x90, 0x0, 0x0, 0x0, 0x0,
    0x6f, 0xff, 0xff, 0x90, 0x0, 0x0, 0x0, 0x0,
    0x6f, 0xff, 0xff, 0x90, 0x0, 0x0, 0x0, 0x0,

    /* U+0071 "q" */
    0x0, 0x4b, 0xef, 0xc5, 0x5, 0xff, 0xff, 0xf6,
    0x5, 0xff, 0xff, 0xff, 0x76, 0xff, 0xff, 0xf6,
    0xd, 0xff, 0xff, 0xff, 0xf9, 0xff, 0xff, 0xf6,
    0x3f, 0xff, 0xff, 0xff, 0xff, 0xff, 0xff, 0xf6,
    0x6f, 0xff, 0xff, 0xff, 0xff, 0xff, 0xff, 0xf6,
    0x9f, 0xff, 0xff, 0xc5, 0x7f, 0xff, 0xff, 0xf6,
    0xbf, 0xff, 0xff, 0x40, 0xc, 0xff, 0xff, 0xf6,
    0xcf, 0xff, 0xff, 0x20, 0xa, 0xff, 0xff, 0xf6,
    0xcf, 0xff, 0xff, 0x20, 0x9, 0xff, 0xff, 0xf6,
    0xdf, 0xff, 0xff, 0x20, 0x9, 0xff, 0xff, 0xf6,
    0xdf, 0xff, 0xff, 0x20, 0x9, 0xff, 0xff, 0xf6,
    0xdf, 0xff, 0xff, 0x20, 0x9, 0xff, 0xff, 0xf6,
    0xcf, 0xff, 0xff, 0x20, 0x9, 0xff, 0xff, 0xf6,
    0xcf, 0xff, 0xff, 0x20, 0xa, 0xff, 0xff, 0xf6,
    0xbf, 0xff, 0xff, 0x40, 0xc, 0xff, 0xff, 0xf6,
    0x9f, 0xff, 0xff, 0xb4, 0x6f, 0xff, 0xff, 0xf6,
    0x7f, 0xff, 0xff, 0xff, 0xff, 0xff, 0xff, 0xf6,
    0x3f, 0xff, 0xff, 0xff, 0xff, 0xff, 0xff, 0xf6,
    0xd, 0xff, 0xff, 0xff, 0xff, 0xff, 0xff, 0xf6,
    0x5, 0xff, 0xff, 0xff, 0xb9, 0xff, 0xff, 0xf6,
    0x0, 0x3b, 0xef, 0xd8, 0x9, 0xff, 0xff, 0xf6,
    0x0, 0x0, 0x0, 0x0, 0x9, 0xff, 0xff, 0xf6,
    0x0, 0x0, 0x0, 0x0, 0x9, 0xff, 0xff, 0xf6,
    0x0, 0x0, 0x0, 0x0, 0x9, 0xff, 0xff, 0xf6,
    0x0, 0x0, 0x0, 0x0, 0x9, 0xff, 0xff, 0xf6,
    0x0, 0x0, 0x0, 0x0, 0x9, 0xff, 0xff, 0xf6,
    0x0, 0x0, 0x0, 0x0, 0x9, 0xff, 0xff, 0xf6,
    0x0, 0x0, 0x0, 0x0, 0x9, 0xff, 0xff, 0xf6,
    0x0, 0x0, 0x0, 0x0, 0x9, 0xff, 0xff, 0xf6,

    /* U+0072 "r" */
    0x6f, 0xff, 0xff, 0x50, 0x2a, 0xe6, 0x6f, 0xff,
    0xff, 0x63, 0xff, 0xf7, 0x6f, 0xff, 0xff, 0x6c,
    0xff, 0xf7, 0x6f, 0xff, 0xff, 0xcf, 0xff, 0xf7,
    0x6f, 0xff, 0xff, 0xff, 0xff, 0xf7, 0x6f, 0xff,
    0xff, 0xff, 0xff, 0xf7, 0x6f, 0xff, 0xff, 0xff,
    0xb5, 0x30, 0x6f, 0xff, 0xff, 0xf9, 0x0, 0x0,
    0x6f, 0xff, 0xff, 0xf0, 0x0, 0x0, 0x6f, 0xff,
    0xff, 0xb0, 0x0, 0x0, 0x6f, 0xff, 0xff, 0x90,
    0x0, 0x0, 0x6f, 0xff, 0xff, 0x90, 0x0, 0x0,
    0x6f, 0xff, 0xff, 0x90, 0x0, 0x0, 0x6f, 0xff,
    0xff, 0x90, 0x0, 0x0, 0x6f, 0xff, 0xff, 0x90,
    0x0, 0x0, 0x6f, 0xff, 0xff, 0x90, 0x0, 0x0,
    0x6f, 0xff, 0xff, 0x90, 0x0, 0x0, 0x6f, 0xff,
    0xff, 0x90, 0x0, 0x0, 0x6f, 0xff, 0xff, 0x90,
    0x0, 0x0, 0x6f, 0xff, 0xff, 0x90, 0x0, 0x0,
    0x6f, 0xff, 0xff, 0x90, 0x0, 0x0,

    /* U+0073 "s" */
    0x0, 0x2, 0x9c, 0xef, 0xfe, 0xda, 0x80, 0x0,
    0x8, 0xff, 0xff, 0xff, 0xff, 0xff, 0x20, 0x5,
    0xff, 0xff, 0xff, 0xff, 0xff, 0xf2, 0x0, 0xcf,
    0xff, 0xff, 0xff, 0xff, 0xff, 0x20, 0xf, 0xff,
    0xff, 0xff, 0xee, 0xef, 0xf2, 0x2, 0xff, 0xff,
    0xfc, 0x0, 0x0, 0x1, 0x0, 0x3f, 0xff, 0xff,
    0xa0, 0x0, 0x0, 0x0, 0x2, 0xff, 0xff, 0xfd,
    0x20, 0x0, 0x0, 0x0, 0x1f, 0xff, 0xff, 0xff,
    0xfd, 0xa6, 0x0, 0x0, 0xef, 0xff, 0xff, 0xff,
    0xff, 0xfd, 0x10, 0x9, 0xff, 0xff, 0xff, 0xff,
    0xff, 0xf8, 0x0, 0x1d, 0xff, 0xff, 0xff, 0xff,
    0xff, 0xd0, 0x0, 0x3, 0x69, 0xcf, 0xff, 0xff,
    0xff, 0x0, 0x0, 0x0, 0x0, 0xc, 0xff, 0xff,
    0xf1, 0x0, 0x0, 0x0, 0x0, 0x9f, 0xff, 0xff,
    0x10, 0x0, 0x0, 0x0, 0xd, 0xff, 0xff, 0xf1,
    0xb, 0xff, 0xee, 0xef, 0xff, 0xff, 0xff, 0x0,
    0xbf, 0xff, 0xff, 0xff, 0xff, 0xff, 0xb0, 0xb,
    0xff, 0xff, 0xff, 0xff, 0xff, 0xf4, 0x0, 0xbf,
    0xff, 0xff, 0xff, 0xff, 0xf7, 0x0, 0x4, 0x9b,
    0xde, 0xff, 0xed, 0x93, 0x0, 0x0,

    /* U+0074 "t" */
    0x0, 0xa, 0xaa, 0xaa, 0x90, 0x0, 0x0, 0x1,
    0xff, 0xff, 0xfe, 0x0, 0x0, 0x0, 0x1f, 0xff,
    0xff, 0xe0, 0x0, 0x0, 0x1, 0xff, 0xff, 0xfe,
    0x0, 0x0, 0x0, 0x1f, 0xff, 0xff, 0xe0, 0x0,
    0x0, 0x1, 0xff, 0xff, 0xfe, 0x0, 0x0, 0x7f,
    0xff, 0xff, 0xff, 0xff, 0xff, 0x17, 0xff, 0xff,
    0xff, 0xff, 0xff, 0xf1, 0x7f, 0xff, 0xff, 0xff,
    0xff, 0xff, 0x17, 0xff, 0xff, 0xff, 0xff, 0xff,
    0xf1, 0x7e, 0xef, 0xff, 0xff, 0xfe, 0xee, 0x10,
    0x1, 0xff, 0xff, 0xfe, 0x0, 0x0, 0x0, 0x1f,
    0xff, 0xff, 0xe0, 0x0, 0x0, 0x1, 0xff, 0xff,
    0xfe, 0x0, 0x0, 0x0, 0x1f, 0xff, 0xff, 0xe0,
    0x0, 0x0, 0x1, 0xff, 0xff, 0xfe, 0x0, 0x0,
    0x0, 0x1f, 0xff, 0xff, 0xe0, 0x0, 0x0, 0x1,
    0xff, 0xff, 0xfe, 0x0, 0x0, 0x0, 0x1f, 0xff,
    0xff, 0xe0, 0x0, 0x0, 0x1, 0xff, 0xff, 0xfe,
    0x0, 0x0, 0x0, 0x1f, 0xff, 0xff, 0xe0, 0x0,
    0x0, 0x1, 0xff, 0xff, 0xfe, 0x0, 0x0, 0x0,
    0x1f, 0xff, 0xff, 0xe0, 0x0, 0x0, 0x1, 0xff,
    0xff, 0xfe, 0x0, 0x0, 0x0, 0x1f, 0xff, 0xff,
    0xe0, 0x0, 0x0, 0x1, 0xff, 0xff, 0xfe, 0x0,
    0x0, 0x0, 0x1f, 0xff, 0xff, 0xe0, 0x0, 0x0,

    /* U+0075 "u" */
    0x7f, 0xff, 0xff, 0x70, 0x7, 0xff, 0xff, 0xf8,
    0x7f, 0xff, 0xff, 0x70, 0x7, 0xff, 0xff, 0xf8,
    0x7f, 0xff, 0xff, 0x70, 0x7, 0xff, 0xff, 0xf8,
    0x7f, 0xff, 0xff, 0x70, 0x7, 0xff, 0xff, 0xf8,
    0x7f, 0xff, 0xff, 0x70, 0x7, 0xff, 0xff, 0xf8,
    0x7f, 0xff, 0xff, 0x70, 0x7, 0xff, 0xff, 0xf8,
    0x7f, 0xff, 0xff, 0x70, 0x7, 0xff, 0xff, 0xf8,
    0x7f, 0xff, 0xff, 0x70, 0x7, 0xff, 0xff, 0xf8,
    0x7f, 0xff, 0xff, 0x70, 0x7, 0xff, 0xff, 0xf8,
    0x7f, 0xff, 0xff, 0x70, 0x7, 0xff, 0xff, 0xf8,
    0x7f, 0xff, 0xff, 0x70, 0x7, 0xff, 0xff, 0xf8,
    0x7f, 0xff, 0xff, 0x70, 0x7, 0xff, 0xff, 0xf8,
    0x7f, 0xff, 0xff, 0x70, 0x7, 0xff, 0xff, 0xf8,
    0x7f, 0xff, 0xff, 0x80, 0x7, 0xff, 0xff, 0xf8,
    0x7f, 0xff, 0xff, 0x90, 0x9, 0xff, 0xff, 0xf8,
    0x7f, 0xff, 0xff, 0xe5, 0x5e, 0xff, 0xff, 0xf8,
    0x5f, 0xff, 0xff, 0xff, 0xff, 0xff, 0xff, 0xf8,
    0x3f, 0xff, 0xff, 0xff, 0xff, 0xff, 0xff, 0xf8,
    0xe, 0xff, 0xff, 0xff, 0xf9, 0xff, 0xff, 0xf8,
    0x7, 0xff, 0xff, 0xff, 0x93, 0xff, 0xff, 0xf8,
    0x0, 0x6c, 0xff, 0xc6, 0x2, 0xff, 0xff, 0xf8,

    /* U+0076 "v" */
    0xbf, 0xff, 0xff, 0x40, 0x0, 0x3f, 0xff, 0xff,
    0xa8, 0xff, 0xff, 0xf6, 0x0, 0x5, 0xff, 0xff,
    0xf7, 0x4f, 0xff, 0xff, 0x90, 0x0, 0x8f, 0xff,
    0xff, 0x41, 0xff, 0xff, 0xfb, 0x0, 0xa, 0xff,
    0xff, 0xf1, 0xe, 0xff, 0xff, 0xd0, 0x0, 0xcf,
    0xff, 0xfd, 0x0, 0xbf, 0xff, 0xff, 0x0, 0xe,
    0xff, 0xff, 0xa0, 0x8, 0xff, 0xff, 0xf2, 0x1,
    0xff, 0xff, 0xf7, 0x0, 0x5f, 0xff, 0xff, 0x50,
    0x3f, 0xff, 0xff, 0x40, 0x1, 0xff, 0xff, 0xf7,
    0x5, 0xff, 0xff, 0xf1, 0x0, 0xe, 0xff, 0xff,
    0x90, 0x7f, 0xff, 0xfe, 0x0, 0x0, 0xbf, 0xff,
    0xfc, 0xa, 0xff, 0xff, 0xa0, 0x0, 0x8, 0xff,
    0xff, 0xe0, 0xcf, 0xff, 0xf7, 0x0, 0x0, 0x5f,
    0xff, 0xff, 0xe, 0xff, 0xff, 0x40, 0x0, 0x2,
    0xff, 0xff, 0xf4, 0xff, 0xff, 0xf1, 0x0, 0x0,
    0xe, 0xff, 0xff, 0x9f, 0xff, 0xfe, 0x0, 0x0,
    0x0, 0xbf, 0xff, 0xff, 0xff, 0xff, 0xa0, 0x0,
    0x0, 0x8, 0xff, 0xff, 0xff, 0xff, 0xf7, 0x0,
    0x0, 0x0, 0x5f, 0xff, 0xff, 0xff, 0xff, 0x40,
    0x0, 0x0, 0x2, 0xff, 0xff, 0xff, 0xff, 0xf1,
    0x0, 0x0, 0x0, 0xe, 0xff, 0xff, 0xff, 0xfe,
    0x0, 0x0, 0x0, 0x0, 0xbf, 0xff, 0xff, 0xff,
    0xb0, 0x0, 0x0,

    /* U+0077 "w" */
    0x9f, 0xff, 0xff, 0x40, 0x0, 0xaf, 0xff, 0xff,
    0x30, 0x0, 0xbf, 0xff, 0xfd, 0x6f, 0xff, 0xff,
    0x50, 0x0, 0xdf, 0xff, 0xff, 0x60, 0x0, 0xdf,
    0xff, 0xfb, 0x4f, 0xff, 0xff, 0x70, 0x0, 0xff,
    0xff, 0xff, 0x80, 0x0, 0xff, 0xff, 0xf8, 0x1f,
    0xff, 0xff, 0x90, 0x2, 0xff, 0xff, 0xff, 0xb0,
    0x0, 0xff, 0xff, 0xf5, 0xe, 0xff, 0xff, 0xb0,
    0x5, 0xff, 0xff, 0xff, 0xe0, 0x2, 0xff, 0xff,
    0xf3, 0xc, 0xff, 0xff, 0xc0, 0x8, 0xff, 0xff,
    0xff, 0xf0, 0x4, 0xff, 0xff, 0xf0, 0x9, 0xff,
    0xff, 0xe0, 0xa, 0xff, 0xff, 0xff, 0xf3, 0x5,
    0xff, 0xff, 0xd0, 0x6, 0xff, 0xff, 0xf0, 0xd,
    0xff, 0xff, 0xff, 0xf6, 0x7, 0xff, 0xff, 0xb0,
    0x4, 0xff, 0xff, 0xf1, 0xf, 0xff, 0xff, 0xff,
    0xf8, 0x9, 0xff, 0xff, 0x80, 0x1, 0xff, 0xff,
    0xf3, 0x2f, 0xff, 0xff, 0xff, 0xfb, 0xa, 0xff,
    0xff, 0x50, 0x0, 0xef, 0xff, 0xf5, 0x5f, 0xff,
    0xfc, 0xff, 0xfe, 0xc, 0xff, 0xff, 0x30, 0x0,
    0xcf, 0xff, 0xf7, 0x8f, 0xff, 0xd7, 0xff, 0xff,
    0x1e, 0xff, 0xff, 0x0, 0x0, 0x9f, 0xff, 0xf8,
    0xaf, 0xff, 0xa4, 0xff, 0xff, 0x3f, 0xff, 0xfd,
    0x0, 0x0, 0x6f, 0xff, 0xfa, 0xdf, 0xff, 0x82,
    0xff, 0xff, 0x8f, 0xff, 0xfb, 0x0, 0x0, 0x4f,
    0xff, 0xff, 0xff, 0xff, 0x50, 0xff, 0xff, 0xff,
    0xff, 0xf8, 0x0, 0x0, 0x1f, 0xff, 0xff, 0xff,
    0xff, 0x20, 0xdf, 0xff, 0xff, 0xff, 0xf5, 0x0,
    0x0, 0xe, 0xff, 0xff, 0xff, 0xff, 0x0, 0xaf,
    0xff, 0xff, 0xff, 0xf3, 0x0, 0x0, 0xb, 0xff,
    0xff, 0xff, 0xfd, 0x0, 0x7f, 0xff, 0xff, 0xff,
    0xf0, 0x0, 0x0, 0x9, 0xff, 0xff, 0xff, 0xfb,
    0x0, 0x5f, 0xff, 0xff, 0xff, 0xd0, 0x0, 0x0,
    0x6, 0xff, 0xff, 0xff, 0xf8, 0x0, 0x2f, 0xff,
    0xff, 0xff, 0xa0, 0x0, 0x0, 0x3, 0xff, 0xff,
    0xff, 0xf5, 0x0, 0xf, 0xff, 0xff, 0xff, 0x80,
    0x0,

    /* U+0078 "x" */
    0x6f, 0xff, 0xff, 0xc0, 0x0, 0x1f, 0xff, 0xff,
    0xd0, 0xf, 0xff, 0xff, 0xf2, 0x0, 0x7f, 0xff,
    0xff, 0x60, 0x9, 0xff, 0xff, 0xf8, 0x0, 0xcf,
    0xff, 0xff, 0x0, 0x2, 0xff, 0xff, 0xfd, 0x1,
    0xff, 0xff, 0xf9, 0x0, 0x0, 0xcf, 0xff, 0xff,
    0x37, 0xff, 0xff, 0xf2, 0x0, 0x0, 0x5f, 0xff,
    0xff, 0x8c, 0xff, 0xff, 0xb0, 0x0, 0x0, 0xe,
    0xff, 0xff, 0xff, 0xff, 0xff, 0x40, 0x0, 0x0,
    0x8, 0xff, 0xff, 0xff, 0xff, 0xfd, 0x0, 0x0,
    0x0, 0x1, 0xff, 0xff, 0xff, 0xff, 0xf7, 0x0,
    0x0, 0x0, 0x0, 0xaf, 0xff, 0xff, 0xff, 0xf1,
    0x0, 0x0, 0x0, 0x0, 0x6f, 0xff, 0xff, 0xff,
    0xc0, 0x0, 0x0, 0x0, 0x0, 0xbf, 0xff, 0xff,
    0xff, 0xf2, 0x0, 0x0, 0x0, 0x2, 0xff, 0xff,
    0xff, 0xff, 0xf9, 0x0, 0x0, 0x0, 0x9, 0xff,
    0xff, 0xff, 0xff, 0xff, 0x10, 0x0, 0x0, 0xf,
    0xff, 0xff, 0xcf, 0xff, 0xff, 0x70, 0x0, 0x0,
    0x6f, 0xff, 0xff, 0x1e, 0xff, 0xff, 0xd0, 0x0,
    0x0, 0xdf, 0xff, 0xfc, 0x9, 0xff, 0xff, 0xf4,
    0x0, 0x4, 0xff, 0xff, 0xf6, 0x3, 0xff, 0xff,
    0xfb, 0x0, 0xb, 0xff, 0xff, 0xf1, 0x0, 0xef,
    0xff, 0xff, 0x20, 0x2f, 0xff, 0xff, 0xb0, 0x0,
    0x8f, 0xff, 0xff, 0x90, 0x8f, 0xff, 0xff, 0x60,
    0x0, 0x3f, 0xff, 0xff, 0xf0,

    /* U+0079 "y" */
    0x7f, 0xff, 0xff, 0x70, 0x7, 0xff, 0xff, 0xf8,
    0x7f, 0xff, 0xff, 0x70, 0x7, 0xff, 0xff, 0xf8,
    0x7f, 0xff, 0xff, 0x70, 0x7, 0xff, 0xff, 0xf8,
    0x7f, 0xff, 0xff, 0x70, 0x7, 0xff, 0xff, 0xf8,
    0x7f, 0xff, 0xff, 0x70, 0x7, 0xff, 0xff, 0xf8,
    0x7f, 0xff, 0xff, 0x70, 0x7, 0xff, 0xff, 0xf8,
    0x7f, 0xff, 0xff, 0x70, 0x7, 0xff, 0xff, 0xf8,
    0x7f, 0xff, 0xff, 0x70, 0x7, 0xff, 0xff, 0xf8,
    0x7f, 0xff, 0xff, 0x70, 0x7, 0xff, 0xff, 0xf8,
    0x7f, 0xff, 0xff, 0x70, 0x7, 0xff, 0xff, 0xf8,
    0x7f, 0xff, 0xff, 0x70, 0x7, 0xff, 0xff, 0xf8,
    0x7f, 0xff, 0xff, 0x70, 0x7, 0xff, 0xff, 0xf8,
    0x7f, 0xff, 0xff, 0x70, 0x7, 0xff, 0xff, 0xf8,
    0x7f, 0xff, 0xff, 0x80, 0x7, 0xff, 0xff, 0xf8,
    0x7f, 0xff, 0xff, 0x90, 0x9, 0xff, 0xff, 0xf8,
    0x6f, 0xff, 0xff, 0xe5, 0x5e, 0xff, 0xff, 0xf8,
    0x5f, 0xff, 0xff, 0xff, 0xff, 0xff, 0xff, 0xf8,
    0x3f, 0xff, 0xff, 0xff, 0xff, 0xff, 0xff, 0xf8,
    0xe, 0xff, 0xff, 0xff, 0xfa, 0xff, 0xff, 0xf8,
    0x6, 0xff, 0xff, 0xff, 0x87, 0xff, 0xff, 0xf7,
    0x0, 0x6c, 0xff, 0xc5, 0x7, 0xff, 0xff, 0xf7,
    0x0, 0x0, 0x0, 0x0, 0x7, 0xff, 0xff, 0xf6,
    0x0, 0x0, 0x0, 0x0, 0x8, 0xff, 0xff, 0xf5,
    0x0, 0x0, 0x0, 0x0, 0x2d, 0xff, 0xff, 0xf4,
    0x3, 0xee, 0xee, 0xef, 0xff, 0xff, 0xff, 0xf1,
    0x3, 0xff, 0xff, 0xff, 0xff, 0xff, 0xff, 0xc0,
    0x3, 0xff, 0xff, 0xff, 0xff, 0xff, 0xff, 0x40,
    0x3, 0xff, 0xff, 0xff, 0xff, 0xff, 0xf6, 0x0,
    0x2, 0xac, 0xde, 0xff, 0xfe, 0xc8, 0x20, 0x0,

    /* U+007A "z" */
    0x8f, 0xff, 0xff, 0xff, 0xff, 0xff, 0xfc, 0x8f,
    0xff, 0xff, 0xff, 0xff, 0xff, 0xfc, 0x8f, 0xff,
    0xff, 0xff, 0xff, 0xff, 0xfc, 0x8f, 0xff, 0xff,
    0xff, 0xff, 0xff, 0xfc, 0x7e, 0xee, 0xee, 0xef,
    0xff, 0xff, 0xfb, 0x0, 0x0, 0x0, 0x8f, 0xff,
    0xff, 0xf4, 0x0, 0x0, 0x1, 0xff, 0xff, 0xff,
    0xa0, 0x0, 0x0, 0xa, 0xff, 0xff, 0xff, 0x20,
    0x0, 0x0, 0x3f, 0xff, 0xff, 0xf8, 0x0, 0x0,
    0x0, 0xcf, 0xff, 0xff, 0xe0, 0x0, 0x0, 0x6,
    0xff, 0xff, 0xff, 0x60, 0x0, 0x0, 0xe, 0xff,
    0xff, 0xfd, 0x0, 0x0, 0x0, 0x8f, 0xff, 0xff,
    0xf4, 0x0, 0x0, 0x2, 0xff, 0xff, 0xff, 0xa0,
    0x0, 0x0, 0xb, 0xff, 0xff, 0xff, 0x20, 0x0,
    0x0, 0x4f, 0xff, 0xff, 0xf8, 0x0, 0x0, 0x0,
    0xbf, 0xff, 0xff, 0xfe, 0xee, 0xee, 0xec, 0xcf,
    0xff, 0xff, 0xff, 0xff, 0xff, 0xfe, 0xcf, 0xff,
    0xff, 0xff, 0xff, 0xff, 0xfe, 0xcf, 0xff, 0xff,
    0xff, 0xff, 0xff, 0xfe, 0xcf, 0xff, 0xff, 0xff,
    0xff, 0xff, 0xfe,

    /* U+007B "{" */
    0x0, 0x0, 0x0, 0x6, 0xef, 0xfd, 0x0, 0x0,
    0x0, 0x8, 0xff, 0xff, 0x30, 0x0, 0x0, 0x6,
    0xff, 0xff, 0x90, 0x0, 0x0, 0x1, 0xff, 0xff,
    0xf1, 0x0, 0x0, 0x0, 0x9f, 0xff, 0xfd, 0x0,
    0x0, 0x0, 0xe, 0xff, 0xff, 0xa0, 0x0, 0x0,
    0x1, 0xff, 0xff, 0xf8, 0x0, 0x0, 0x0, 0x2f,
    0xff, 0xff, 0x70, 0x0, 0x0, 0x2, 0xff, 0xff,
    0xf7, 0x0, 0x0, 0x0, 0x2f, 0xff, 0xff, 0x70,
    0x0, 0x0, 0x2, 0xff, 0xff, 0xf7, 0x0, 0x0,
    0x0, 0x2f, 0xff, 0xff, 0x70, 0x0, 0x0, 0x2,
    0xff, 0xff, 0xf7, 0x0, 0x0, 0x0, 0x4f, 0xff,
    0xff, 0x50, 0x0, 0x0, 0x7, 0xff, 0xff, 0xf2,
    0x0, 0x0, 0x0, 0xdf, 0xff, 0xfb, 0x0, 0x0,
    0x5, 0xdf, 0xff, 0xfd, 0x10, 0x0, 0x2, 0xff,
    0xff, 0xd8, 0x0, 0x0, 0x0, 0x2f, 0xff, 0xfb,
    0x50, 0x0, 0x0, 0x0, 0x9f, 0xff, 0xff, 0xb0,
    0x0, 0x0, 0x0, 0x2e, 0xff, 0xff, 0x90, 0x0,
    0x0, 0x0, 0x8f, 0xff, 0xff, 0x10, 0x0, 0x0,
    0x4, 0xff, 0xff, 0xf5, 0x0, 0x0, 0x0, 0x3f,
    0xff, 0xff, 0x70, 0x0, 0x0, 0x2, 0xff, 0xff,
    0xf7, 0x0, 0x0, 0x0, 0x2f, 0xff, 0xff, 0x70,
    0x0, 0x0, 0x2, 0xff, 0xff, 0xf7, 0x0, 0x0,
    0x0, 0x2f, 0xff, 0xff, 0x70, 0x0, 0x0, 0x2,
    0xff, 0xff, 0xf7, 0x0, 0x0, 0x0, 0x1f, 0xff,
    0xff, 0x80, 0x0, 0x0, 0x0, 0xff, 0xff, 0xf9,
    0x0, 0x0, 0x0, 0xa, 0xff, 0xff, 0xc0, 0x0,
    0x0, 0x0, 0x3f, 0xff, 0xff, 0x10, 0x0, 0x0,
    0x0, 0x8f, 0xff, 0xf7, 0x0, 0x0, 0x0, 0x0,
    0xbf, 0xff, 0xf1, 0x0, 0x0, 0x0, 0x0, 0x9f,
    0xff, 0xb0, 0x0, 0x0, 0x0, 0x0, 0x23, 0x33,
    0x0,

    /* U+007C "|" */
    0xef, 0xff, 0xf8, 0xef, 0xff, 0xf8, 0xef, 0xff,
    0xf8, 0xef, 0xff, 0xf8, 0xef, 0xff, 0xf8, 0xef,
    0xff, 0xf8, 0xef, 0xff, 0xf8, 0xef, 0xff, 0xf8,
    0xef, 0xff, 0xf8, 0xef, 0xff, 0xf8, 0xef, 0xff,
    0xf8, 0xef, 0xff, 0xf8, 0xef, 0xff, 0xf8, 0xef,
    0xff, 0xf8, 0xef, 0xff, 0xf8, 0xef, 0xff, 0xf8,
    0xef, 0xff, 0xf8, 0xef, 0xff, 0xf8, 0xef, 0xff,
    0xf8, 0xef, 0xff, 0xf8, 0xef, 0xff, 0xf8, 0xef,
    0xff, 0xf8, 0xef, 0xff, 0xf8, 0xef, 0xff, 0xf8,
    0xef, 0xff, 0xf8, 0xef, 0xff, 0xf8, 0xef, 0xff,
    0xf8, 0xef, 0xff, 0xf8, 0xef, 0xff, 0xf8, 0xef,
    0xff, 0xf8, 0xef, 0xff, 0xf8, 0xef, 0xff, 0xf8,
    0xef, 0xff, 0xf8, 0xef, 0xff, 0xf8, 0xef, 0xff,
    0xf8, 0xef, 0xff, 0xf8, 0x9a, 0xaa, 0xa5,

    /* U+007D "}" */
    0xb, 0xff, 0xf8, 0x0, 0x0, 0x0, 0x0, 0x1e,
    0xff, 0xfb, 0x0, 0x0, 0x0, 0x0, 0x6f, 0xff,
    0xf9, 0x0, 0x0, 0x0, 0x0, 0xef, 0xff, 0xf4,
    0x0, 0x0, 0x0, 0xa, 0xff, 0xff, 0xc0, 0x0,
    0x0, 0x0, 0x7f, 0xff, 0xff, 0x10, 0x0, 0x0,
    0x6, 0xff, 0xff, 0xf4, 0x0, 0x0, 0x0, 0x5f,
    0xff, 0xff, 0x50, 0x0, 0x0, 0x5, 0xff, 0xff,
    0xf5, 0x0, 0x0, 0x0, 0x5f, 0xff, 0xff, 0x50,
    0x0, 0x0, 0x5, 0xff, 0xff, 0xf5, 0x0, 0x0,
    0x0, 0x5f, 0xff, 0xff, 0x50, 0x0, 0x0, 0x4,
    0xff, 0xff, 0xf6, 0x0, 0x0, 0x0, 0x3f, 0xff,
    0xff, 0x70, 0x0, 0x0, 0x0, 0xff, 0xff, 0xfa,
    0x0, 0x0, 0x0, 0x8, 0xff, 0xff, 0xf1, 0x0,
    0x0, 0x0, 0xc, 0xff, 0xff, 0xe6, 0x10, 0x0,
    0x0, 0x7, 0xdf, 0xff, 0xf5, 0x0, 0x0, 0x0,
    0x39, 0xff, 0xff, 0x50, 0x0, 0x0, 0x8f, 0xff,
    0xff, 0xa2, 0x0, 0x0, 0x6f, 0xff, 0xff, 0x40,
    0x0, 0x0, 0xe, 0xff, 0xff, 0xb0, 0x0, 0x0,
    0x2, 0xff, 0xff, 0xf7, 0x0, 0x0, 0x0, 0x4f,
    0xff, 0xff, 0x60, 0x0, 0x0, 0x4, 0xff, 0xff,
    0xf5, 0x0, 0x0, 0x0, 0x5f, 0xff, 0xff, 0x50,
    0x0, 0x0, 0x5, 0xff, 0xff, 0xf5, 0x0, 0x0,
    0x0, 0x5f, 0xff, 0xff, 0x50, 0x0, 0x0, 0x5,
    0xff, 0xff, 0xf5, 0x0, 0x0, 0x0, 0x5f, 0xff,
    0xff, 0x50, 0x0, 0x0, 0x7, 0xff, 0xff, 0xf2,
    0x0, 0x0, 0x0, 0x9f, 0xff, 0xfd, 0x0, 0x0,
    0x0, 0xd, 0xff, 0xff, 0x60, 0x0, 0x0, 0x4,
    0xff, 0xff, 0xc0, 0x0, 0x0, 0x0, 0xcf, 0xff,
    0xd1, 0x0, 0x0, 0x0, 0x8f, 0xff, 0xb1, 0x0,
    0x0, 0x0, 0x3, 0x33, 0x20, 0x0, 0x0, 0x0,
    0x0,

    /* U+007E "~" */
    0x1, 0x68, 0x75, 0x30, 0x0, 0xd, 0xff, 0x83,
    0xff, 0xff, 0xff, 0xfd, 0xa9, 0xff, 0xf8, 0xbf,
    0xff, 0xff, 0xff, 0xff, 0xff, 0xff, 0x7e, 0xff,
    0xff, 0xff, 0xff, 0xff, 0xff, 0xf4, 0xff, 0xfc,
    0x9b, 0xef, 0xff, 0xff, 0xfc, 0xf, 0xff, 0x60,
    0x0, 0x24, 0x78, 0x85, 0x0
};


/*---------------------
 *  GLYPH DESCRIPTION
 *--------------------*/

static const lv_font_fmt_txt_glyph_dsc_t glyph_dsc[] = {
    {.bitmap_index = 0, .adv_w = 0, .box_w = 0, .box_h = 0, .ofs_x = 0, .ofs_y = 0} /* id = 0 reserved */,
    {.bitmap_index = 0, .adv_w = 114, .box_w = 0, .box_h = 0, .ofs_x = 0, .ofs_y = 0},
    {.bitmap_index = 0, .adv_w = 177, .box_w = 8, .box_h = 28, .ofs_x = 2, .ofs_y = 0},
    {.bitmap_index = 112, .adv_w = 264, .box_w = 14, .box_h = 11, .ofs_x = 1, .ofs_y = 17},
    {.bitmap_index = 189, .adv_w = 369, .box_w = 21, .box_h = 28, .ofs_x = 1, .ofs_y = 0},
    {.bitmap_index = 483, .adv_w = 261, .box_w = 14, .box_h = 28, .ofs_x = 1, .ofs_y = 0},
    {.bitmap_index = 679, .adv_w = 483, .box_w = 28, .box_h = 28, .ofs_x = 1, .ofs_y = 0},
    {.bitmap_index = 1071, .adv_w = 353, .box_w = 21, .box_h = 28, .ofs_x = 1, .ofs_y = 0},
    {.bitmap_index = 1365, .adv_w = 149, .box_w = 7, .box_h = 11, .ofs_x = 1, .ofs_y = 17},
    {.bitmap_index = 1404, .adv_w = 193, .box_w = 11, .box_h = 37, .ofs_x = 1, .ofs_y = -7},
    {.bitmap_index = 1608, .adv_w = 193, .box_w = 11, .box_h = 37, .ofs_x = 0, .ofs_y = -7},
    {.bitmap_index = 1812, .adv_w = 262, .box_w = 14, .box_h = 14, .ofs_x = 1, .ofs_y = 14},
    {.bitmap_index = 1910, .adv_w = 302, .box_w = 15, .box_h = 15, .ofs_x = 2, .ofs_y = 3},
    {.bitmap_index = 2023, .adv_w = 166, .box_w = 7, .box_h = 13, .ofs_x = 2, .ofs_y = -7},
    {.bitmap_index = 2069, .adv_w = 191, .box_w = 10, .box_h = 6, .ofs_x = 1, .ofs_y = 9},
    {.bitmap_index = 2099, .adv_w = 166, .box_w = 7, .box_h = 6, .ofs_x = 2, .ofs_y = 0},
    {.bitmap_index = 2120, .adv_w = 218, .box_w = 14, .box_h = 33, .ofs_x = 0, .ofs_y = -3},
    {.bitmap_index = 2351, .adv_w = 307, .box_w = 17, .box_h = 28, .ofs_x = 1, .ofs_y = 0},
    {.bitmap_index = 2589, .adv_w = 204, .box_w = 11, .box_h = 28, .ofs_x = 0, .ofs_y = 0},
    {.bitmap_index = 2743, .adv_w = 292, .box_w = 16, .box_h = 28, .ofs_x = 1, .ofs_y = 0},
    {.bitmap_index = 2967, .adv_w = 284, .box_w = 17, .box_h = 28, .ofs_x = 0, .ofs_y = 0},
    {.bitmap_index = 3205, .adv_w = 303, .box_w = 19, .box_h = 28, .ofs_x = 0, .ofs_y = 0},
    {.bitmap_index = 3471, .adv_w = 294, .box_w = 17, .box_h = 28, .ofs_x = 1, .ofs_y = 0},
    {.bitmap_index = 3709, .adv_w = 304, .box_w = 17, .box_h = 28, .ofs_x = 1, .ofs_y = 0},
    {.bitmap_index = 3947, .adv_w = 273, .box_w = 17, .box_h = 28, .ofs_x = 0, .ofs_y = 0},
    {.bitmap_index = 4185, .adv_w = 313, .box_w = 18, .box_h = 28, .ofs_x = 1, .ofs_y = 0},
    {.bitmap_index = 4437, .adv_w = 304, .box_w = 17, .box_h = 28, .ofs_x = 1, .ofs_y = 0},
    {.bitmap_index = 4675, .adv_w = 166, .box_w = 7, .box_h = 21, .ofs_x = 2, .ofs_y = 0},
    {.bitmap_index = 4749, .adv_w = 166, .box_w = 7, .box_h = 28, .ofs_x = 2, .ofs_y = -7},
    {.bitmap_index = 4847, .adv_w = 303, .box_w = 15, .box_h = 16, .ofs_x = 2, .ofs_y = 2},
    {.bitmap_index = 4967, .adv_w = 302, .box_w = 15, .box_h = 12, .ofs_x = 2, .ofs_y = 4},
    {.bitmap_index = 5057, .adv_w = 303, .box_w = 15, .box_h = 16, .ofs_x = 2, .ofs_y = 2},
    {.bitmap_index = 5177, .adv_w = 257, .box_w = 14, .box_h = 28, .ofs_x = 1, .ofs_y = 0},
    {.bitmap_index = 5373, .adv_w = 458, .box_w = 25, .box_h = 33, .ofs_x = 2, .ofs_y = -5},
    {.bitmap_index = 5786, .adv_w = 326, .box_w = 21, .box_h = 28, .ofs_x = 0, .ofs_y = 0},
    {.bitmap_index = 6080, .adv_w = 314, .box_w = 18, .box_h = 28, .ofs_x = 1, .ofs_y = 0},
    {.bitmap_index = 6332, .adv_w = 256, .box_w = 14, .box_h = 28, .ofs_x = 1, .ofs_y = 0},
    {.bitmap_index = 6528, .adv_w = 319, .box_w = 18, .box_h = 28, .ofs_x = 1, .ofs_y = 0},
    {.bitmap_index = 6780, .adv_w = 271, .box_w = 15, .box_h = 28, .ofs_x = 1, .ofs_y = 0},
    {.bitmap_index = 6990, .adv_w = 253, .box_w = 14, .box_h = 28, .ofs_x = 1, .ofs_y = 0},
    {.bitmap_index = 7186, .adv_w = 314, .box_w = 17, .box_h = 28, .ofs_x = 1, .ofs_y = 0},
    {.bitmap_index = 7424, .adv_w = 332, .box_w = 18, .box_h = 28, .ofs_x = 1, .ofs_y = 0},
    {.bitmap_index = 7676, .adv_w = 161, .box_w = 8, .box_h = 28, .ofs_x = 1, .ofs_y = 0},
    {.bitmap_index = 7788, .adv_w = 199, .box_w = 11, .box_h = 28, .ofs_x = 0, .ofs_y = 0},
    {.bitmap_index = 7942, .adv_w = 320, .box_w = 19, .box_h = 28, .ofs_x = 1, .ofs_y = 0},
    {.bitmap_index = 8208, .adv_w = 244, .box_w = 14, .box_h = 28, .ofs_x = 1, .ofs_y = 0},
    {.bitmap_index = 8404, .adv_w = 457, .box_w = 26, .box_h = 28, .ofs_x = 1, .ofs_y = 0},
    {.bitmap_index = 8768, .adv_w = 335, .box_w = 19, .box_h = 28, .ofs_x = 1, .ofs_y = 0},
    {.bitmap_index = 9034, .adv_w = 324, .box_w = 18, .box_h = 28, .ofs_x = 1, .ofs_y = 0},
    {.bitmap_index = 9286, .adv_w = 307, .box_w = 18, .box_h = 28, .ofs_x = 1, .ofs_y = 0},
    {.bitmap_index = 9538, .adv_w = 324, .box_w = 20, .box_h = 32, .ofs_x = 1, .ofs_y = -4},
    {.bitmap_index = 9858, .adv_w = 319, .box_w = 19, .box_h = 28, .ofs_x = 1, .ofs_y = 0},
    {.bitmap_index = 10124, .adv_w = 285, .box_w = 16, .box_h = 28, .ofs_x = 1, .ofs_y = 0},
    {.bitmap_index = 10348, .adv_w = 272, .box_w = 17, .box_h = 28, .ofs_x = 0, .ofs_y = 0},
    {.bitmap_index = 10586, .adv_w = 323, .box_w = 18, .box_h = 28, .ofs_x = 1, .ofs_y = 0},
    {.bitmap_index = 10838, .adv_w = 315, .box_w = 20, .box_h = 28, .ofs_x = 0, .ofs_y = 0},
    {.bitmap_index = 11118, .adv_w = 492, .box_w = 31, .box_h = 28, .ofs_x = 0, .ofs_y = 0},
    {.bitmap_index = 11552, .adv_w = 326, .box_w = 21, .box_h = 28, .ofs_x = 0, .ofs_y = 0},
    {.bitmap_index = 11846, .adv_w = 305, .box_w = 21, .box_h = 28, .ofs_x = -1, .ofs_y = 0},
    {.bitmap_index = 12140, .adv_w = 285, .box_w = 16, .box_h = 28, .ofs_x = 1, .ofs_y = 0},
    {.bitmap_index = 12364, .adv_w = 202, .box_w = 11, .box_h = 36, .ofs_x = 1, .ofs_y = -6},
    {.bitmap_index = 12562, .adv_w = 218, .box_w = 14, .box_h = 33, .ofs_x = 0, .ofs_y = -3},
    {.bitmap_index = 12793, .adv_w = 202, .box_w = 10, .box_h = 36, .ofs_x = 1, .ofs_y = -6},
    {.bitmap_index = 12973, .adv_w = 246, .box_w = 16, .box_h = 11, .ofs_x = 0, .ofs_y = 19},
    {.bitmap_index = 13061, .adv_w = 238, .box_w = 15, .box_h = 5, .ofs_x = 0, .ofs_y = -8},
    {.bitmap_index = 13099, .adv_w = 134, .box_w = 9, .box_h = 6, .ofs_x = 0, .ofs_y = 24},
    {.bitmap_index = 13126, .adv_w = 276, .box_w = 16, .box_h = 21, .ofs_x = 0, .ofs_y = 0},
    {.bitmap_index = 13294, .adv_w = 288, .box_w = 16, .box_h = 30, .ofs_x = 1, .ofs_y = 0},
    {.bitmap_index = 13534, .adv_w = 220, .box_w = 12, .box_h = 21, .ofs_x = 1, .ofs_y = 0},
    {.bitmap_index = 13660, .adv_w = 288, .box_w = 16, .box_h = 30, .ofs_x = 1, .ofs_y = 0},
    {.bitmap_index = 13900, .adv_w = 273, .box_w = 15, .box_h = 21, .ofs_x = 1, .ofs_y = 0},
    {.bitmap_index = 14058, .adv_w = 207, .box_w = 13, .box_h = 30, .ofs_x = 0, .ofs_y = 0},
    {.bitmap_index = 14253, .adv_w = 287, .box_w = 16, .box_h = 29, .ofs_x = 1, .ofs_y = -8},
    {.bitmap_index = 14485, .adv_w = 290, .box_w = 16, .box_h = 30, .ofs_x = 1, .ofs_y = 0},
    {.bitmap_index = 14725, .adv_w = 147, .box_w = 7, .box_h = 30, .ofs_x = 1, .ofs_y = 0},
    {.bitmap_index = 14830, .adv_w = 147, .box_w = 9, .box_h = 38, .ofs_x = -1, .ofs_y = -8},
    {.bitmap_index = 15001, .adv_w = 283, .box_w = 17, .box_h = 30, .ofs_x = 1, .ofs_y = 0},
    {.bitmap_index = 15256, .adv_w = 147, .box_w = 7, .box_h = 30, .ofs_x = 1, .ofs_y = 0},
    {.bitmap_index = 15361, .adv_w = 429, .box_w = 25, .box_h = 21, .ofs_x = 1, .ofs_y = 0},
    {.bitmap_index = 15624, .adv_w = 290, .box_w = 16, .box_h = 21, .ofs_x = 1, .ofs_y = 0},
    {.bitmap_index = 15792, .adv_w = 281, .box_w = 16, .box_h = 21, .ofs_x = 1, .ofs_y = 0},
    {.bitmap_index = 15960, .adv_w = 288, .box_w = 16, .box_h = 29, .ofs_x = 1, .ofs_y = -8},
    {.bitmap_index = 16192, .adv_w = 288, .box_w = 16, .box_h = 29, .ofs_x = 1, .ofs_y = -8},
    {.bitmap_index = 16424, .adv_w = 207, .box_w = 12, .box_h = 21, .ofs_x = 1, .ofs_y = 0},
    {.bitmap_index = 16550, .adv_w = 238, .box_w = 15, .box_h = 21, .ofs_x = 0, .ofs_y = 0},
    {.bitmap_index = 16708, .adv_w = 202, .box_w = 13, .box_h = 27, .ofs_x = 0, .ofs_y = 0},
    {.bitmap_index = 16884, .adv_w = 290, .box_w = 16, .box_h = 21, .ofs_x = 1, .ofs_y = 0},
    {.bitmap_index = 17052, .adv_w = 271, .box_w = 17, .box_h = 21, .ofs_x = 0, .ofs_y = 0},
    {.bitmap_index = 17231, .adv_w = 420, .box_w = 26, .box_h = 21, .ofs_x = 0, .ofs_y = 0},
    {.bitmap_index = 17504, .adv_w = 278, .box_w = 18, .box_h = 21, .ofs_x = 0, .ofs_y = 0},
    {.bitmap_index = 17693, .adv_w = 290, .box_w = 16, .box_h = 29, .ofs_x = 1, .ofs_y = -8},
    {.bitmap_index = 17925, .adv_w = 257, .box_w = 14, .box_h = 21, .ofs_x = 1, .ofs_y = 0},
    {.bitmap_index = 18072, .adv_w = 211, .box_w = 13, .box_h = 37, .ofs_x = 0, .ofs_y = -7},
    {.bitmap_index = 18313, .adv_w = 154, .box_w = 6, .box_h = 37, .ofs_x = 2, .ofs_y = -7},
    {.bitmap_index = 18424, .adv_w = 211, .box_w = 13, .box_h = 37, .ofs_x = 0, .ofs_y = -7},
    {.bitmap_index = 18665, .adv_w = 297, .box_w = 15, .box_h = 6, .ofs_x = 2, .ofs_y = 9}
};

/*---------------------
 *  CHARACTER MAPPING
 *--------------------*/



/*Collect the unicode lists and glyph_id offsets*/
static const lv_font_fmt_txt_cmap_t cmaps[] =
{
    {
        .range_start = 32, .range_length = 95, .glyph_id_start = 1,
        .unicode_list = NULL, .glyph_id_ofs_list = NULL, .list_length = 0, .type = LV_FONT_FMT_TXT_CMAP_FORMAT0_TINY
    }
};

/*-----------------
 *    KERNING
 *----------------*/


/*Pair left and right glyphs for kerning*/
static const uint8_t kern_pair_glyph_ids[] =
{
    9, 36,
    9, 40,
    9, 48,
    9, 50,
    13, 10,
    14, 24,
    15, 10,
    24, 13,
    24, 15,
    34, 53,
    34, 55,
    34, 56,
    34, 58,
    34, 87,
    34, 88,
    35, 10,
    35, 55,
    35, 56,
    35, 57,
    35, 58,
    37, 10,
    37, 55,
    37, 56,
    37, 57,
    37, 58,
    38, 75,
    38, 87,
    38, 88,
    39, 13,
    39, 15,
    39, 34,
    39, 43,
    39, 66,
    39, 68,
    39, 69,
    39, 70,
    39, 72,
    39, 80,
    39, 82,
    44, 36,
    44, 40,
    44, 48,
    44, 50,
    44, 66,
    44, 68,
    44, 69,
    44, 70,
    44, 72,
    44, 80,
    44, 82,
    45, 55,
    45, 56,
    45, 58,
    48, 10,
    48, 55,
    48, 56,
    48, 57,
    48, 58,
    49, 34,
    49, 43,
    49, 58,
    50, 10,
    50, 55,
    50, 56,
    50, 57,
    50, 58,
    51, 55,
    51, 56,
    51, 58,
    51, 75,
    52, 85,
    53, 1,
    53, 13,
    53, 15,
    53, 34,
    53, 68,
    53, 69,
    53, 70,
    53, 72,
    53, 80,
    53, 82,
    53, 84,
    53, 86,
    53, 90,
    55, 34,
    55, 36,
    55, 40,
    55, 48,
    55, 50,
    55, 66,
    55, 68,
    55, 69,
    55, 70,
    55, 72,
    55, 80,
    55, 82,
    55, 84,
    56, 34,
    56, 36,
    56, 40,
    56, 48,
    56, 50,
    56, 66,
    56, 68,
    56, 69,
    56, 70,
    56, 72,
    56, 80,
    56, 82,
    56, 84,
    57, 36,
    57, 40,
    57, 48,
    57, 50,
    57, 66,
    57, 68,
    57, 69,
    57, 70,
    57, 72,
    57, 80,
    57, 82,
    58, 1,
    58, 13,
    58, 15,
    58, 34,
    58, 36,
    58, 40,
    58, 48,
    58, 50,
    58, 52,
    58, 66,
    58, 68,
    58, 69,
    58, 70,
    58, 72,
    58, 78,
    58, 79,
    58, 80,
    58, 81,
    58, 82,
    58, 83,
    58, 84,
    58, 86,
    58, 89,
    58, 90,
    66, 85,
    66, 87,
    66, 88,
    67, 85,
    67, 87,
    67, 88,
    67, 89,
    70, 85,
    70, 87,
    70, 88,
    70, 89,
    71, 13,
    71, 15,
    71, 66,
    71, 68,
    71, 69,
    71, 70,
    71, 72,
    71, 80,
    71, 82,
    76, 68,
    76, 69,
    76, 70,
    76, 72,
    76, 75,
    76, 80,
    76, 82,
    76, 84,
    80, 85,
    80, 87,
    80, 88,
    80, 89,
    81, 85,
    81, 87,
    81, 88,
    81, 89,
    83, 13,
    83, 15,
    83, 66,
    83, 68,
    83, 69,
    83, 70,
    83, 72,
    83, 80,
    83, 82,
    83, 85,
    84, 85,
    84, 89,
    85, 13,
    85, 15,
    85, 66,
    85, 68,
    85, 69,
    85, 70,
    85, 72,
    85, 80,
    85, 82,
    87, 66,
    87, 68,
    87, 69,
    87, 70,
    87, 72,
    87, 80,
    87, 82,
    88, 66,
    88, 68,
    88, 69,
    88, 70,
    88, 72,
    88, 80,
    88, 82,
    89, 68,
    89, 69,
    89, 70,
    89, 72,
    89, 75,
    89, 80,
    89, 82,
    89, 84
};

/* Kerning between the respective left and right glyphs
 * 4.4 format which needs to scaled with `kern_scale`*/
static const int8_t kern_pair_values[] =
{
    -22, -22, -22, -22, -32, -30, -32, -49,
    -49, -22, -19, -19, -35, -10, -10, -22,
    -6, -6, -13, -10, -22, -6, -6, -13,
    -10, 6, -6, -6, -32, -32, -29, -19,
    -6, -10, -10, -10, -10, -10, -10, -13,
    -13, -13, -13, -6, -4, -4, -4, -4,
    -11, -4, -24, -24, -42, -22, -6, -6,
    -13, -10, -19, -22, -3, -22, -6, -6,
    -13, -10, -3, -3, -11, 6, -6, -10,
    -45, -45, -22, -19, -19, -19, -19, -19,
    -19, -19, -13, -13, -19, -6, -6, -6,
    -6, -13, -19, -19, -19, -19, -19, -19,
    -17, -19, -6, -6, -6, -6, -13, -19,
    -19, -19, -19, -19, -19, -17, -13, -13,
    -13, -13, -8, -4, -4, -4, -4, -15,
    -4, -10, -64, -35, -35, -10, -10, -10,
    -10, -10, -31, -15, -15, -15, -15, -19,
    -19, -37, -19, -15, -19, -32, -19, -6,
    -19, -3, -6, -6, -3, -6, -6, -6,
    -3, -6, -6, -6, -32, -32, -6, -3,
    -3, -3, -3, -3, -3, -6, -6, -6,
    -6, 8, -6, -6, -6, -3, -6, -6,
    -6, -3, -6, -6, -6, -38, -38, -6,
    -3, -3, -3, -3, -3, -3, 9, -3,
    -6, -32, -32, -6, -3, -3, -3, -3,
    -3, -3, -6, -6, -6, -6, -6, -6,
    -6, -6, -6, -6, -6, -6, -6, -6,
    -6, -6, -6, -6, 8, -6, -6, -6
};

/*Collect the kern pair's data in one place*/
static const lv_font_fmt_txt_kern_pair_t kern_pairs =
{
    .glyph_ids = kern_pair_glyph_ids,
    .values = kern_pair_values,
    .pair_cnt = 224,
    .glyph_ids_size = 0
};

/*--------------------
 *  ALL CUSTOM DATA
 *--------------------*/

#if LVGL_VERSION_MAJOR == 8
/*Store all the custom data of the font*/
static  lv_font_fmt_txt_glyph_cache_t cache;
#endif

#if LVGL_VERSION_MAJOR >= 8
static const lv_font_fmt_txt_dsc_t font_dsc = {
#else
static lv_font_fmt_txt_dsc_t font_dsc = {
#endif
    .glyph_bitmap = glyph_bitmap,
    .glyph_dsc = glyph_dsc,
    .cmaps = cmaps,
    .kern_dsc = &kern_pairs,
    .kern_scale = 16,
    .cmap_num = 1,
    .bpp = 4,
    .kern_classes = 0,
    .bitmap_format = 0,
#if LVGL_VERSION_MAJOR == 8
    .cache = &cache
#endif
};



/*-----------------
 *  PUBLIC FONT
 *----------------*/

/*Initialize a public general font descriptor*/
#if LVGL_VERSION_MAJOR >= 8
const lv_font_t ui_font_SairaSemiCondensedExtraBold40 = {
#else
lv_font_t ui_font_SairaSemiCondensedExtraBold40 = {
#endif
    .get_glyph_dsc = lv_font_get_glyph_dsc_fmt_txt,    /*Function pointer to get glyph's data*/
    .get_glyph_bitmap = lv_font_get_bitmap_fmt_txt,    /*Function pointer to get glyph's bitmap*/
    .line_height = 38,          /*The maximum line height required by the font*/
    .base_line = 8,             /*Baseline measured from the bottom of the line*/
#if !(LVGL_VERSION_MAJOR == 6 && LVGL_VERSION_MINOR == 0)
    .subpx = LV_FONT_SUBPX_NONE,
#endif
#if LV_VERSION_CHECK(7, 4, 0) || LVGL_VERSION_MAJOR >= 8
    .underline_position = -3,
    .underline_thickness = 2,
#endif
    .dsc = &font_dsc,          /*The custom font data. Will be accessed by `get_glyph_bitmap/dsc` */
#if LV_VERSION_CHECK(8, 2, 0) || LVGL_VERSION_MAJOR >= 9
    .fallback = NULL,
#endif
    .user_data = NULL,
};



#endif /*#if UI_FONT_SAIRASEMICONDENSEDEXTRABOLD40*/

